﻿"SamAccountName","DistinguishedName","WhenCreated","PasswordNeverExpires","LastLogonTimestamp","LogonCount","GroupMemberships"
"AC579538","CN=Dilveer Serhiyevich,OU=Internal,OU=Test,DC=LAB,DC=INT","2/5/2025 11:39:40 AM","False","Never","0","Internal;InternalTest;Child 3;Internal and External Users"
"AC223269","CN=Asnath Tariello,OU=Demo,DC=LAB,DC=INT","2/4/2025 3:47:22 PM","False","Never","0",""
"AC189154","CN=Ammerdeep Latkiewicz,OU=External,OU=Test,DC=LAB,DC=INT","2/5/2025 11:36:11 AM","False","Never","0","External;ExternalTest;Internal and External Users"
"AC427942","CN=Asciatu Shokeen,OU=Internal,OU=Test,DC=LAB,DC=INT","2/5/2025 11:39:03 AM","False","Never","0","Internal;InternalTest;Child 3;Internal and External Users"
"AC243699","CN=Charliss Azantilow,OU=Internal,OU=Test,DC=LAB,DC=INT","2/5/2025 11:39:59 AM","False","Never","0","Internal;InternalTest;Child 3;Internal and External Users"
"AC178680","CN=Mimesh Hrechkin,OU=External,OU=Test,DC=LAB,DC=INT","2/5/2025 11:36:09 AM","False","Never","0","External;ExternalTest;Internal and External Users"
"AC891380","CN=Terosia Rhoan,OU=Demo,DC=LAB,DC=INT","2/4/2025 3:48:25 PM","False","Never","0",""
"AC511098","CN=Caige Berthau,OU=Demo,DC=LAB,DC=INT","2/4/2025 3:47:19 PM","False","Never","0",""
"AC776233","CN=Alzor Chapska,OU=EntraRoles,OU=Test,DC=LAB,DC=INT","2/4/2025 3:52:32 PM","False","Never","0",""
"AC363488","CN=Zhirong Bannodo,OU=External,OU=Test,DC=LAB,DC=INT","2/5/2025 11:36:35 AM","False","Never","0","External;ExternalTest;Internal and External Users"
"AC813592","CN=Hengli Puncochar,OU=Demo,DC=LAB,DC=INT","2/4/2025 3:48:46 PM","False","Never","0",""
"AC362759","CN=Skylay Chabali,OU=Demo,DC=LAB,DC=INT","2/4/2025 3:48:07 PM","False","Never","0",""
"AC850498","CN=Hubert Ziegeweid,OU=Demo,DC=LAB,DC=INT","2/4/2025 3:48:41 PM","False","Never","0",""
"AC225478","CN=Kazutoshi Bronskill,OU=Test,DC=LAB,DC=INT","2/4/2025 3:52:49 PM","False","Never","0",""
"AC969962","CN=Lotachukwu Boender,OU=Test,DC=LAB,DC=INT","2/4/2025 3:51:26 PM","False","Never","0",""
"AC105091","CN=Towfik Lepeturin,OU=Internal,OU=Test,DC=LAB,DC=INT","2/5/2025 11:39:27 AM","False","Never","0","Internal;InternalTest;Child 3;Internal and External Users"
"AC951558","CN=Manoune Bartel,OU=Demo,DC=LAB,DC=INT","2/4/2025 3:48:51 PM","False","Never","0",""
"AC486148","CN=Pregashnee Devermont,OU=Internal,OU=Test,DC=LAB,DC=INT","2/5/2025 11:39:10 AM","False","Never","0","Internal;InternalTest;Child 3;Internal and External Users"
"AC491607","CN=Irineos Murulidharan,OU=Demo,DC=LAB,DC=INT","2/4/2025 3:48:10 PM","False","Never","0",""
"AC128344","CN=Gilli Uthuppuru,OU=Demo,DC=LAB,DC=INT","2/4/2025 3:47:52 PM","False","Never","0",""
"AC371927","CN=Norannsy Westhoff,OU=External,OU=Test,DC=LAB,DC=INT","2/5/2025 11:37:08 AM","False","Never","0","External;ExternalTest;Internal and External Users"
"AC620817","CN=Krisstal Piskuliyski,OU=Test,DC=LAB,DC=INT","2/4/2025 3:52:50 PM","False","Never","0",""
"AC805845","CN=Khajistha Nojoumian,OU=External,OU=Test,DC=LAB,DC=INT","2/5/2025 11:37:15 AM","False","Never","0","External;ExternalTest;Internal and External Users"
"AC384727","CN=Oggi Dzurovchin,OU=External,OU=Test,DC=LAB,DC=INT","2/5/2025 11:35:59 AM","False","Never","0","External;ExternalTest;Internal and External Users"
"AC436977","CN=Saliu Chambliess,OU=Demo,DC=LAB,DC=INT","2/4/2025 3:47:24 PM","False","Never","0",""
"AC203437","CN=Lakendrea Powierski,OU=Demo,DC=LAB,DC=INT","2/4/2025 3:47:28 PM","False","Never","0",""
"AC781520","CN=Jeson Golpashin,OU=Internal,OU=Test,DC=LAB,DC=INT","2/5/2025 11:39:31 AM","False","Never","0","Internal;InternalTest;Child 3;Internal and External Users"
"AC254275","CN=Bishnupriya Mestad,OU=Demo,DC=LAB,DC=INT","2/4/2025 3:47:55 PM","False","Never","0",""
"AC839298","CN=Jcox Stroneski,OU=Test,DC=LAB,DC=INT","2/4/2025 3:51:30 PM","False","Never","0",""
"AC466976","CN=Adeswara Scnettler,OU=Demo,DC=LAB,DC=INT","2/4/2025 3:47:08 PM","False","Never","0",""
"AC948562","CN=Haggquist Vuletici,OU=Demo,DC=LAB,DC=INT","2/4/2025 3:50:26 PM","False","Never","0",""
"AC901723","CN=Kolie Lafferman,OU=Test,DC=LAB,DC=INT","2/4/2025 3:52:18 PM","False","Never","0",""
"AC345633","CN=Bikalpa Shelomith,OU=Internal,OU=Test,DC=LAB,DC=INT","2/5/2025 11:40:03 AM","False","Never","0","Internal;InternalTest;Child 3;Internal and External Users"
"AC881676","CN=Renmeet Wolfanger,OU=Demo,DC=LAB,DC=INT","2/4/2025 3:48:35 PM","False","Never","0",""
"AC600208","CN=Fakhraini Rores,OU=Demo,DC=LAB,DC=INT","2/4/2025 3:47:20 PM","False","Never","0",""
"AC368055","CN=Torshea Iliss,OU=Internal,OU=Test,DC=LAB,DC=INT","2/5/2025 11:39:19 AM","False","Never","0","Internal;InternalTest;Child 3;Internal and External Users"
"AC578746","CN=Palomado Altorf,OU=Internal,OU=Test,DC=LAB,DC=INT","2/5/2025 11:39:37 AM","False","Never","0","Internal;InternalTest;Child 3;Internal and External Users"
"AC316526","CN=Kaaren Listecki,OU=Demo,DC=LAB,DC=INT","2/4/2025 3:48:47 PM","False","Never","0",""
"AC413063","CN=Kahina Gosangi,OU=Demo,DC=LAB,DC=INT","2/4/2025 3:47:58 PM","False","Never","0",""
"AC115876","CN=Shrutika Mastrianno,OU=External,OU=Test,DC=LAB,DC=INT","2/5/2025 11:36:24 AM","False","Never","0","External;ExternalTest;Internal and External Users"
"AC330243","CN=Aileche Arolkar,OU=Demo,DC=LAB,DC=INT","2/4/2025 3:48:00 PM","False","Never","0",""
"AC205799","CN=Kentis Majorka,OU=Demo,DC=LAB,DC=INT","2/4/2025 3:47:55 PM","False","Never","0",""
"AC816286","CN=Sravan Jordao,OU=Test,DC=LAB,DC=INT","2/4/2025 3:52:08 PM","False","Never","0",""
"AC408245","CN=Yoedono Zacheretti,OU=External,OU=Test,DC=LAB,DC=INT","2/5/2025 11:37:07 AM","False","Never","0","External;ExternalTest;Internal and External Users"
"AC548830","CN=Yibin Nazenin,OU=Internal,OU=Test,DC=LAB,DC=INT","2/5/2025 11:39:19 AM","False","Never","0","Internal;InternalTest;Child 3;Internal and External Users"
"AC450567","CN=Rasherah Hannenian,OU=Test,DC=LAB,DC=INT","2/4/2025 3:52:40 PM","False","Never","0",""
"AC932798","CN=Ulyee Moshofsky,OU=Internal,OU=Test,DC=LAB,DC=INT","2/5/2025 11:39:02 AM","False","Never","0","Internal;InternalTest;Child 3;Internal and External Users"
"AC832066","CN=Ganggang Tscherning,OU=External,OU=Test,DC=LAB,DC=INT","2/5/2025 11:37:09 AM","False","Never","0","External;ExternalTest;Internal and External Users"
"AC679145","CN=Amberdeep Bmilstein,OU=Demo,DC=LAB,DC=INT","2/4/2025 3:48:13 PM","False","Never","0",""
"AC908600","CN=Danual Bigovich,OU=Demo,DC=LAB,DC=INT","2/4/2025 3:47:05 PM","False","Never","0",""
"AC852485","CN=Jort Luijten,OU=Test,DC=LAB,DC=INT","2/4/2025 3:51:48 PM","False","Never","0",""
"AC965197","CN=Marsonne Kontsis,OU=Test,DC=LAB,DC=INT","2/4/2025 3:51:42 PM","False","Never","0",""
"AC535516","CN=Haleme Eigensee,OU=External,OU=Test,DC=LAB,DC=INT","2/5/2025 11:35:57 AM","False","Never","0","External;ExternalTest;Internal and External Users"
"AC168655","CN=Mansutea Debearpartner,OU=Test,DC=LAB,DC=INT","2/4/2025 3:52:41 PM","False","Never","0",""
"AC120850","CN=Anizabeth Nettl,OU=External,OU=Test,DC=LAB,DC=INT","2/5/2025 11:36:05 AM","False","Never","0","External;ExternalTest;Internal and External Users"
"AC610121","CN=Dalavone Maraska,OU=Demo,DC=LAB,DC=INT","2/4/2025 3:47:15 PM","False","Never","0",""
"AC292410","CN=Rhonnelle Duroe,OU=Demo,DC=LAB,DC=INT","2/4/2025 3:48:35 PM","False","Never","0",""
"AC772899","CN=Gloriajean Slobecheski,OU=Demo,DC=LAB,DC=INT","2/4/2025 3:48:19 PM","False","Never","0",""
"AC422888","CN=Athenia Yinglee,OU=External,OU=Test,DC=LAB,DC=INT","2/5/2025 11:36:00 AM","False","Never","0","External;ExternalTest;Internal and External Users"
"AC831613","CN=Tenelnger Berrns,OU=Test,DC=LAB,DC=INT","2/4/2025 3:52:24 PM","False","Never","0",""
"AC755942","CN=Yociri Ekshian,OU=Test,DC=LAB,DC=INT","2/4/2025 3:52:42 PM","False","Never","0",""
"AC625564","CN=Shonte Roubini,OU=Demo,DC=LAB,DC=INT","2/4/2025 3:48:26 PM","False","Never","0",""
"AC450187","CN=Rinkashijikashikichika Ostervold,OU=Test,DC=LAB,DC=INT","2/4/2025 3:51:58 PM","False","Never","0",""
"AC630840","CN=Kiyann Adote,OU=Demo,DC=LAB,DC=INT","2/4/2025 3:47:35 PM","False","Never","0",""
"AC117580","CN=Rondu Varrewaere,OU=Demo,DC=LAB,DC=INT","2/4/2025 3:48:09 PM","False","Never","0",""
"AC942937","CN=Aret Geditz,OU=EntraRoles,OU=Test,DC=LAB,DC=INT","2/4/2025 3:51:53 PM","False","Never","0",""
"AC517633","CN=Mariaevelyn Janatello,OU=External,OU=Test,DC=LAB,DC=INT","2/5/2025 11:36:26 AM","False","Never","0","External;ExternalTest;Internal and External Users"
"AC664033","CN=Rufus Abiedu,OU=External,OU=Test,DC=LAB,DC=INT","2/5/2025 11:37:00 AM","False","Never","0","External;ExternalTest;Internal and External Users"
"AC603785","CN=Urisonya Tukhi,OU=Internal,OU=Test,DC=LAB,DC=INT","2/5/2025 11:39:21 AM","False","Never","0","Internal;InternalTest;Child 3;Internal and External Users"
"AC674389","CN=Sren Parz,OU=External,OU=Test,DC=LAB,DC=INT","2/5/2025 11:36:58 AM","False","Never","0","External;ExternalTest;Internal and External Users"
"AC266554","CN=Jocess Misticawi,OU=Test,DC=LAB,DC=INT","2/4/2025 3:51:50 PM","False","Never","0",""
"AC855650","CN=Vidhya Bogott,OU=Demo,DC=LAB,DC=INT","2/4/2025 3:50:28 PM","False","Never","0",""
"AC657989","CN=Rackeesha Tabaschek,OU=Test,DC=LAB,DC=INT","2/4/2025 3:51:19 PM","False","Never","0",""
"AC746968","CN=Loongwai Payongayong,OU=Test,DC=LAB,DC=INT","2/4/2025 3:52:48 PM","False","Never","0",""
"AC621114","CN=Asenith Townson,OU=Internal,OU=Test,DC=LAB,DC=INT","2/5/2025 11:39:39 AM","False","Never","0","Internal;InternalTest;Child 3;Internal and External Users"
"AC820339","CN=Corrine Bochecchio,OU=EntraRoles,OU=Test,DC=LAB,DC=INT","2/4/2025 3:52:30 PM","False","Never","0",""
"AC984756","CN=Deverl Glombik,OU=Demo,DC=LAB,DC=INT","2/4/2025 3:47:40 PM","False","Never","0",""
"AC670637","CN=Indah Peipelman,OU=External,OU=Test,DC=LAB,DC=INT","2/5/2025 11:36:41 AM","False","Never","0","External;ExternalTest;Internal and External Users"
"AC280621","CN=Lingxing Vredding,OU=Demo,DC=LAB,DC=INT","2/4/2025 3:48:46 PM","False","Never","0",""
"AC885571","CN=Qili Marpe,OU=Demo,DC=LAB,DC=INT","2/4/2025 3:47:10 PM","False","Never","0",""
"AC398561","CN=Gerallynn Halethorpe,OU=Internal,OU=Test,DC=LAB,DC=INT","2/5/2025 11:40:11 AM","False","Never","0","Internal;InternalTest;Child 3;Internal and External Users"
"AC276870","CN=Tumy Renewal,OU=External,OU=Test,DC=LAB,DC=INT","2/5/2025 11:36:25 AM","False","Never","0","External;ExternalTest;Internal and External Users"
"AC974674","CN=Wjames Surcon,OU=Demo,DC=LAB,DC=INT","2/4/2025 3:48:06 PM","False","Never","0",""
"AC686272","CN=Haruyo Agbavitor,OU=Demo,DC=LAB,DC=INT","2/4/2025 3:48:16 PM","False","Never","0",""
"AC546518","CN=Yokyen Aranaz,OU=Demo,DC=LAB,DC=INT","2/4/2025 3:48:11 PM","False","Never","0",""
"AC141997","CN=Minetha Jushi,OU=External,OU=Test,DC=LAB,DC=INT","2/5/2025 11:37:05 AM","False","Never","0","External;ExternalTest;Internal and External Users"
"AC436870","CN=Qiuchen Pincoske,OU=Test,DC=LAB,DC=INT","2/4/2025 3:51:17 PM","False","Never","0",""
"AC951884","CN=Irisneia Songbobo,OU=Demo,DC=LAB,DC=INT","2/4/2025 3:47:45 PM","False","Never","0",""
"AC201377","CN=Dejenabe Hirmas,OU=External,OU=Test,DC=LAB,DC=INT","2/5/2025 11:37:15 AM","False","Never","0","External;ExternalTest;Internal and External Users"
"AC927284","CN=Reika Allemeier,OU=Demo,DC=LAB,DC=INT","2/4/2025 3:48:45 PM","False","Never","0",""
"AC350160","CN=Tanjya Schamer,OU=Test,DC=LAB,DC=INT","2/4/2025 3:51:09 PM","False","Never","0",""
"AC208451","CN=Sylvine Cheeney,OU=Demo,DC=LAB,DC=INT","2/4/2025 3:48:49 PM","False","Never","0",""
"AC761671","CN=Yahshikiah Vanzeil,OU=Test,DC=LAB,DC=INT","2/4/2025 3:52:38 PM","False","Never","0",""
"AC615935","CN=Rieanna Yerian,OU=Demo,DC=LAB,DC=INT","2/4/2025 3:47:13 PM","False","Never","0",""
"AC680367","CN=Munirathna Zaorski,OU=External,OU=Test,DC=LAB,DC=INT","2/5/2025 11:35:57 AM","False","Never","0","External;ExternalTest;Internal and External Users"
"AC525603","CN=Queca Myjer,OU=External,OU=Test,DC=LAB,DC=INT","2/5/2025 11:36:03 AM","False","Never","0","External;ExternalTest;Internal and External Users"
"AC192998","CN=Debobrata Berardy,OU=External,OU=Test,DC=LAB,DC=INT","2/5/2025 11:36:02 AM","False","Never","0","External;ExternalTest;Internal and External Users"
"AC362467","CN=Quoctrung Msadoques,OU=Demo,DC=LAB,DC=INT","2/4/2025 3:48:38 PM","False","Never","0",""
"AC926819","CN=Karmen Boniecki,OU=Demo,DC=LAB,DC=INT","2/4/2025 3:47:37 PM","False","Never","0",""
"AC659151","CN=Dirinda Hoszko,OU=Internal,OU=Test,DC=LAB,DC=INT","2/5/2025 11:39:20 AM","False","Never","0","Internal;InternalTest;Child 3;Internal and External Users"
"AC663107","CN=Mariegina Vojtik,OU=Demo,DC=LAB,DC=INT","2/4/2025 3:47:13 PM","False","Never","0",""
"AC802413","CN=Hazaim Hannosh,OU=Internal,OU=Test,DC=LAB,DC=INT","2/5/2025 11:39:29 AM","False","Never","0","Internal;InternalTest;Child 3;Internal and External Users"
"AC250268","CN=Jesda Wattron,OU=Test,DC=LAB,DC=INT","2/4/2025 3:52:22 PM","False","Never","0",""
"AC706647","CN=Catherlyn Jaridly,OU=Internal,OU=Test,DC=LAB,DC=INT","2/5/2025 11:39:08 AM","False","Never","0","Internal;InternalTest;Child 3;Internal and External Users"
"AC562607","CN=Thembinkosi Setanyan,OU=External,OU=Test,DC=LAB,DC=INT","2/5/2025 11:36:47 AM","False","Never","0","External;ExternalTest;Internal and External Users"
"AC348854","CN=Reashell Labissiere,OU=Test,DC=LAB,DC=INT","2/4/2025 3:51:33 PM","False","Never","0",""
"Guest","CN=Guest,CN=Users,DC=LAB,DC=INT","9/15/2024 9:54:26 PM","True","Never","0","Guests"
"AC706005","CN=Tfield Morcozo,OU=Internal,OU=Test,DC=LAB,DC=INT","2/5/2025 11:39:17 AM","False","Never","0","Internal;InternalTest;Child 3;Internal and External Users"
"AC993593","CN=Ranadeb Rehfuss,OU=Demo,DC=LAB,DC=INT","2/4/2025 3:48:01 PM","False","Never","0",""
"AC818561","CN=Orlondo Husane,OU=External,OU=Test,DC=LAB,DC=INT","2/5/2025 11:36:13 AM","False","Never","0","External;ExternalTest;Internal and External Users"
"AC463604","CN=Riziki Murtany,OU=Internal,OU=Test,DC=LAB,DC=INT","2/5/2025 11:40:10 AM","False","Never","0","Internal;InternalTest;Child 3;Internal and External Users"
"AC492263","CN=Dareather Moddle,OU=Demo,DC=LAB,DC=INT","2/4/2025 3:48:37 PM","False","Never","0",""
"AC429186","CN=Karanpreet Chimoski,OU=Demo,DC=LAB,DC=INT","2/4/2025 3:48:30 PM","False","Never","0",""
"AC725956","CN=Barbaraf Lanzanas,OU=External,OU=Test,DC=LAB,DC=INT","2/5/2025 11:37:20 AM","False","Never","0","External;ExternalTest;Internal and External Users"
"AC198710","CN=Jacquelin Ebey,OU=Test,DC=LAB,DC=INT","2/4/2025 3:52:37 PM","False","Never","0",""
"AC455442","CN=Gersy Ertzman,OU=EntraRoles,OU=Test,DC=LAB,DC=INT","2/4/2025 3:51:18 PM","False","Never","0",""
"AC727569","CN=Amérigo Dantiste,OU=Demo,DC=LAB,DC=INT","2/4/2025 3:48:09 PM","False","Never","0",""
"AC302945","CN=Jutao Luppini,OU=Test,DC=LAB,DC=INT","2/4/2025 3:52:53 PM","False","Never","0",""
"AC413220","CN=Jastine Ofonagoro,OU=Demo,DC=LAB,DC=INT","2/4/2025 3:47:59 PM","False","Never","0",""
"AC634150","CN=Omando Fayas,OU=Test,DC=LAB,DC=INT","2/4/2025 3:51:41 PM","False","Never","0",""
"AC348395","CN=Harisch Kozhedubov,OU=Demo,DC=LAB,DC=INT","2/4/2025 3:47:50 PM","False","Never","0",""
"krbtgt","CN=krbtgt,CN=Users,DC=LAB,DC=INT","9/15/2024 9:55:01 PM","False","Never","0","Denied RODC Password Replication Group"
"AC169486","CN=Risto Roghschild,OU=Test,DC=LAB,DC=INT","2/4/2025 3:51:20 PM","False","Never","0",""
"AC194459","CN=Eliciana Clipstone,OU=Internal,OU=Test,DC=LAB,DC=INT","2/5/2025 11:39:48 AM","False","Never","0","Internal;InternalTest;Child 3;Internal and External Users"
"AC194763","CN=Saltana Clayphan,OU=External,OU=Test,DC=LAB,DC=INT","2/5/2025 11:36:38 AM","False","Never","0","External;ExternalTest;Internal and External Users"
"AC576398","CN=Qudrath Pletier,OU=Demo,DC=LAB,DC=INT","2/4/2025 3:47:28 PM","False","Never","0",""
"AC515842","CN=Herminsul Edrys,OU=Demo,DC=LAB,DC=INT","2/4/2025 3:48:11 PM","False","Never","0",""
"AC519088","CN=Zarnigar Facendola,OU=External,OU=Test,DC=LAB,DC=INT","2/5/2025 11:36:31 AM","False","Never","0","External;ExternalTest;Internal and External Users"
"AC846736","CN=Tracilyne Izadparast,OU=External,OU=Test,DC=LAB,DC=INT","2/5/2025 11:36:55 AM","False","Never","0","External;ExternalTest;Internal and External Users"
"AC372953","CN=Reid Klevana,OU=Test,DC=LAB,DC=INT","2/4/2025 3:52:34 PM","False","Never","0",""
"AC423952","CN=Hyoo Tsysina,OU=Internal,OU=Test,DC=LAB,DC=INT","2/5/2025 11:39:43 AM","False","Never","0","Internal;InternalTest;Child 3;Internal and External Users"
"AC217686","CN=Sharryn Gawhega,OU=External,OU=Test,DC=LAB,DC=INT","2/5/2025 11:36:38 AM","False","Never","0","External;ExternalTest;Internal and External Users"
"AC623780","CN=Dharmarajen Chizmada,OU=EntraRoles,OU=Test,DC=LAB,DC=INT","2/4/2025 3:51:25 PM","False","Never","0",""
"AC753261","CN=Ratchadakorn Baciulis,OU=Demo,DC=LAB,DC=INT","2/4/2025 3:47:45 PM","False","Never","0",""
"AC696632","CN=Niasha Coffice,OU=External,OU=Test,DC=LAB,DC=INT","2/5/2025 11:37:10 AM","False","Never","0","External;ExternalTest;Internal and External Users"
"AC918270","CN=Jijoe Shliechkorn,OU=External,OU=Test,DC=LAB,DC=INT","2/5/2025 11:36:13 AM","False","Never","0","External;ExternalTest;Internal and External Users"
"AC119851","CN=Shamekas Pounsett,OU=Demo,DC=LAB,DC=INT","2/4/2025 3:48:28 PM","False","Never","0",""
"AC677465","CN=Waimay Thorsvik,OU=Test,DC=LAB,DC=INT","2/4/2025 3:51:15 PM","False","Never","0",""
"AC357344","CN=Kunthi Leranbaum,OU=Demo,DC=LAB,DC=INT","2/4/2025 3:48:39 PM","False","Never","0",""
"AC675872","CN=Abdolrasool Vochoc,OU=External,OU=Test,DC=LAB,DC=INT","2/5/2025 11:36:22 AM","False","Never","0","External;ExternalTest;Internal and External Users"
"AC635988","CN=Kylle Pipic,OU=Demo,DC=LAB,DC=INT","2/4/2025 3:48:36 PM","False","Never","0",""
"AC352887","CN=Seniha Hitchener,OU=Internal,OU=Test,DC=LAB,DC=INT","2/5/2025 11:39:14 AM","False","Never","0","Internal;InternalTest;Child 3;Internal and External Users"
"AC709518","CN=Turina Bouhbut,OU=Test,DC=LAB,DC=INT","2/4/2025 3:52:52 PM","False","Never","0",""
"AC946674","CN=Yooklin Redij,OU=Test,DC=LAB,DC=INT","2/4/2025 3:52:14 PM","False","Never","0",""
"AC694369","CN=Sherrl Piboontum,OU=Internal,OU=Test,DC=LAB,DC=INT","2/5/2025 11:39:45 AM","False","Never","0","Internal;InternalTest;Child 3;Internal and External Users"
"AC131364","CN=Ximeng Golian,OU=Demo,DC=LAB,DC=INT","2/4/2025 3:47:14 PM","False","Never","0",""
"AC787002","CN=Anousinh Agriafoglio,OU=Internal,OU=Test,DC=LAB,DC=INT","2/5/2025 11:39:01 AM","False","Never","0","Internal;InternalTest;Child 3;Internal and External Users"
"AC787139","CN=Makane Maystruck,OU=Demo,DC=LAB,DC=INT","2/4/2025 3:48:44 PM","False","Never","0",""
"AC215865","CN=Shuye Tverdohleb,OU=Demo,DC=LAB,DC=INT","2/4/2025 3:48:53 PM","False","Never","0",""
"AC765795","CN=Pattya Hochmeister,OU=Demo,DC=LAB,DC=INT","2/4/2025 3:48:55 PM","False","Never","0",""
"AC732378","CN=Thalein Degebbaro,OU=Internal,OU=Test,DC=LAB,DC=INT","2/5/2025 11:39:34 AM","False","Never","0","Internal;InternalTest;Child 3;Internal and External Users"
"AC708342","CN=Junyan Soeldner,OU=Demo,DC=LAB,DC=INT","2/4/2025 3:48:33 PM","False","Never","0",""
"AC555999","CN=Agnessa Raborn,OU=External,OU=Test,DC=LAB,DC=INT","2/5/2025 11:37:06 AM","False","Never","0","External;ExternalTest;Internal and External Users"
"AC510995","CN=Viraine Akada,OU=Demo,DC=LAB,DC=INT","2/4/2025 3:48:30 PM","False","Never","0",""
"AC275672","CN=Alenbri Natanasigamani,OU=EntraRoles,OU=Test,DC=LAB,DC=INT","2/4/2025 3:51:11 PM","False","Never","0",""
"AC903789","CN=Naoual Alzaagy,OU=Internal,OU=Test,DC=LAB,DC=INT","2/5/2025 11:39:53 AM","False","Never","0","Internal;InternalTest;Child 3;Internal and External Users"
"AC749163","CN=Joelyn Sitho,OU=Internal,OU=Test,DC=LAB,DC=INT","2/5/2025 11:39:26 AM","False","Never","0","Internal;InternalTest;Child 3;Internal and External Users"
"AC323794","CN=Jeveen Watzlawik,OU=Internal,OU=Test,DC=LAB,DC=INT","2/5/2025 11:39:39 AM","False","Never","0","Internal;InternalTest;Child 3;Internal and External Users"
"AC107586","CN=Trimoorthy Chagapuram,OU=Demo,DC=LAB,DC=INT","2/4/2025 3:47:32 PM","False","Never","0",""
"AC965147","CN=Hafedh Povoa,OU=Internal,OU=Test,DC=LAB,DC=INT","2/5/2025 11:40:07 AM","False","Never","0","Internal;InternalTest;Child 3;Internal and External Users"
"AC911584","CN=Robiny Wendlandt,OU=Internal,OU=Test,DC=LAB,DC=INT","2/5/2025 11:39:22 AM","False","Never","0","Internal;InternalTest;Child 3;Internal and External Users"
"AC231754","CN=Oria Cawhern,OU=Demo,DC=LAB,DC=INT","2/4/2025 3:50:27 PM","False","Never","0",""
"AC319526","CN=Bhfx Bakulich,OU=Demo,DC=LAB,DC=INT","2/4/2025 3:48:21 PM","False","Never","0",""
"AC131712","CN=Thelisca Parchinsky,OU=Test,DC=LAB,DC=INT","2/4/2025 3:51:46 PM","False","Never","0",""
"AC561896","CN=Zaher Rominske,OU=Test,DC=LAB,DC=INT","2/4/2025 3:52:12 PM","False","Never","0",""
"AC967391","CN=Kedric Shubart,OU=Demo,DC=LAB,DC=INT","2/4/2025 3:47:24 PM","False","Never","0",""
"AC385962","CN=Christena Ashizawa,OU=Demo,DC=LAB,DC=INT","2/4/2025 3:47:46 PM","False","Never","0",""
"AC710093","CN=Omaa Villarama,OU=Demo,DC=LAB,DC=INT","2/4/2025 3:47:34 PM","False","Never","0",""
"AC217252","CN=Jayben Singramdoo,OU=Demo,DC=LAB,DC=INT","2/4/2025 3:48:27 PM","False","Never","0",""
"AC844664","CN=Baiwei Hackernam,OU=EntraRoles,OU=Test,DC=LAB,DC=INT","2/4/2025 3:52:33 PM","False","Never","0",""
"AC508239","CN=Induncan Deninno,OU=External,OU=Test,DC=LAB,DC=INT","2/5/2025 11:36:19 AM","False","Never","0","External;ExternalTest;Internal and External Users"
"AC354797","CN=Mahpiua Akios,OU=Demo,DC=LAB,DC=INT","2/4/2025 3:48:01 PM","False","Never","0",""
"AC402969","CN=Dakshesh Heare,OU=External,OU=Test,DC=LAB,DC=INT","2/5/2025 11:36:51 AM","False","Never","0","External;ExternalTest;Internal and External Users"
"AC149825","CN=Obistano Shimokubo,OU=Demo,DC=LAB,DC=INT","2/4/2025 3:48:18 PM","False","Never","0",""
"AC633107","CN=Aca Koriagin,OU=External,OU=Test,DC=LAB,DC=INT","2/5/2025 11:36:59 AM","False","Never","0","External;ExternalTest;Internal and External Users"
"AC576928","CN=Lochlann Rubeiz,OU=Demo,DC=LAB,DC=INT","2/4/2025 3:47:32 PM","False","Never","0",""
"AC935003","CN=Marijon Nayeraini,OU=External,OU=Test,DC=LAB,DC=INT","2/5/2025 11:36:46 AM","False","Never","0","External;ExternalTest;Internal and External Users"
"AC588237","CN=Mskl Gambulos,OU=Demo,DC=LAB,DC=INT","2/4/2025 3:48:48 PM","False","Never","0",""
"AC191228","CN=Nwaorie Schmerler,OU=External,OU=Test,DC=LAB,DC=INT","2/5/2025 11:36:48 AM","False","Never","0","External;ExternalTest;Internal and External Users"
"AC808065","CN=Sramit Gaudern,OU=Test,DC=LAB,DC=INT","2/4/2025 3:52:06 PM","False","Never","0",""
"AC263685","CN=Iliad Loskutoff,OU=Internal,OU=Test,DC=LAB,DC=INT","2/5/2025 11:39:12 AM","False","Never","0","Internal;InternalTest;Child 3;Internal and External Users"
"AC466850","CN=Lalitendu Riccolo,OU=Demo,DC=LAB,DC=INT","2/4/2025 3:50:27 PM","False","Never","0",""
"AC773955","CN=Bernando Fettell,OU=EntraRoles,OU=Test,DC=LAB,DC=INT","2/4/2025 3:51:40 PM","False","Never","0",""
"AC103329","CN=Alliee Bollier,OU=Demo,DC=LAB,DC=INT","2/4/2025 3:47:23 PM","False","Never","0",""
"AC552986","CN=Hidehiro Khalequzzaman,OU=Internal,OU=Test,DC=LAB,DC=INT","2/5/2025 11:40:02 AM","False","Never","0","Internal;InternalTest;Child 3;Internal and External Users"
"AC447337","CN=Isgo Zlebis,OU=Demo,DC=LAB,DC=INT","2/4/2025 3:48:32 PM","False","Never","0",""
"AC784192","CN=Suhar Schim,OU=Demo,DC=LAB,DC=INT","2/4/2025 3:48:04 PM","False","Never","0",""
"AC486753","CN=Toropdar Marinez,OU=Demo,DC=LAB,DC=INT","2/4/2025 3:47:43 PM","False","Never","0",""
"AC933079","CN=Monajit Smeddy,OU=Demo,DC=LAB,DC=INT","2/4/2025 3:48:50 PM","False","Never","0",""
"AC179315","CN=Stanley Smalbrugge,OU=External,OU=Test,DC=LAB,DC=INT","2/5/2025 11:36:50 AM","False","Never","0","External;ExternalTest;Internal and External Users"
"AC134200","CN=Nhoban Glemot,OU=Demo,DC=LAB,DC=INT","2/4/2025 3:47:59 PM","False","Never","0",""
"AC732997","CN=Curnell Kolangara,OU=External,OU=Test,DC=LAB,DC=INT","2/5/2025 11:36:33 AM","False","Never","0","External;ExternalTest;Internal and External Users"
"AC636464","CN=Hermene Quetschke,OU=Test,DC=LAB,DC=INT","2/4/2025 3:52:27 PM","False","Never","0",""
"AC720918","CN=Radhilka Waszaj,OU=External,OU=Test,DC=LAB,DC=INT","2/5/2025 11:36:42 AM","False","Never","0","External;ExternalTest;Internal and External Users"
"AC471195","CN=Emoskowitz Agustino,OU=Internal,OU=Test,DC=LAB,DC=INT","2/5/2025 11:39:05 AM","False","Never","0","Internal;InternalTest;Child 3;Internal and External Users"
"AC954227","CN=Kathil Nettestad,OU=Test,DC=LAB,DC=INT","2/4/2025 3:52:19 PM","False","Never","0",""
"AC748040","CN=Darold Atanovich,OU=External,OU=Test,DC=LAB,DC=INT","2/5/2025 11:37:05 AM","False","Never","0","External;ExternalTest;Internal and External Users"
"AC718442","CN=Ehrnest Pourmovahed,OU=Internal,OU=Test,DC=LAB,DC=INT","2/5/2025 11:39:50 AM","False","Never","0","Internal;InternalTest;Child 3;Internal and External Users"
"AC613758","CN=Songqi Roslow,OU=Test,DC=LAB,DC=INT","2/4/2025 3:52:00 PM","False","Never","0",""
"AC708514","CN=Guanyu Pallesen,OU=EntraRoles,OU=Test,DC=LAB,DC=INT","2/4/2025 3:52:28 PM","False","Never","0",""
"AC497396","CN=Jevan Morat,OU=Internal,OU=Test,DC=LAB,DC=INT","2/5/2025 11:39:07 AM","False","Never","0","Internal;InternalTest;Child 3;Internal and External Users"
"AC798564","CN=Lacharles Schmaedecke,OU=Demo,DC=LAB,DC=INT","2/4/2025 3:50:29 PM","False","Never","0",""
"AC814385","CN=Daneane Goligorsky,OU=Demo,DC=LAB,DC=INT","2/4/2025 3:48:02 PM","False","Never","0",""
"AC393072","CN=Gheisa Sncal,OU=Internal,OU=Test,DC=LAB,DC=INT","2/5/2025 11:39:56 AM","False","Never","0","Internal;InternalTest;Child 3;Internal and External Users"
"AC620499","CN=Tache Magnien,OU=Demo,DC=LAB,DC=INT","2/4/2025 3:47:26 PM","False","Never","0",""
"AC696431","CN=Flaronica Slusney,OU=EntraRoles,OU=Test,DC=LAB,DC=INT","2/4/2025 3:51:27 PM","False","Never","0",""
"AC773327","CN=Claurelle Pushchak,OU=External,OU=Test,DC=LAB,DC=INT","2/5/2025 11:36:23 AM","False","Never","0","External;ExternalTest;Internal and External Users"
"AC819645","CN=Tziri Kaliamourthy,OU=External,OU=Test,DC=LAB,DC=INT","2/5/2025 11:37:16 AM","False","Never","0","External;ExternalTest;Internal and External Users"
"AC529647","CN=Torbjoern Raviscioni,OU=Internal,OU=Test,DC=LAB,DC=INT","2/5/2025 11:39:11 AM","False","Never","0","Internal;InternalTest;Child 3;Internal and External Users"
"AC871171","CN=Cheitali Vecino,OU=EntraRoles,OU=Test,DC=LAB,DC=INT","2/4/2025 3:52:02 PM","False","Never","0",""
"AC548239","CN=Keidrin Imren,OU=Internal,OU=Test,DC=LAB,DC=INT","2/5/2025 11:39:28 AM","False","Never","0","Internal;InternalTest;Child 3;Internal and External Users"
"AC501834","CN=Wanlada Pineau,OU=Internal,OU=Test,DC=LAB,DC=INT","2/5/2025 11:39:47 AM","False","Never","0","Internal;InternalTest;Child 3;Internal and External Users"
"AC889228","CN=Acracia Parnau,OU=Demo,DC=LAB,DC=INT","2/4/2025 3:48:14 PM","False","Never","0",""
"AC747727","CN=Mingheng Janrhett,OU=External,OU=Test,DC=LAB,DC=INT","2/5/2025 11:36:20 AM","False","Never","0","External;ExternalTest;Internal and External Users"
"AC499103","CN=Florija Franculli,OU=Demo,DC=LAB,DC=INT","2/4/2025 3:48:44 PM","False","Never","0",""
"AC971237","CN=Mojirayoede Nenneman,OU=Internal,OU=Test,DC=LAB,DC=INT","2/5/2025 11:39:01 AM","False","Never","0","Internal;InternalTest;Child 3;Internal and External Users"
"AC474933","CN=Lokkie Tournor,OU=External,OU=Test,DC=LAB,DC=INT","2/5/2025 11:36:53 AM","False","Never","0","External;ExternalTest;Internal and External Users"
"AC667980","CN=Elfidio Surkosky,OU=Demo,DC=LAB,DC=INT","2/4/2025 3:47:39 PM","False","Never","0",""
"AC920135","CN=Wisal Harenda,OU=Internal,OU=Test,DC=LAB,DC=INT","2/5/2025 11:39:46 AM","False","Never","0","Internal;InternalTest;Child 3;Internal and External Users"
"AC998816","CN=Larsyn Szulczewski,OU=Internal,OU=Test,DC=LAB,DC=INT","2/5/2025 11:39:16 AM","False","Never","0","Internal;InternalTest;Child 3;Internal and External Users"
"AC227616","CN=Hidehatu Greenblum,OU=External,OU=Test,DC=LAB,DC=INT","2/5/2025 11:36:12 AM","False","Never","0","External;ExternalTest;Internal and External Users"
"AC944496","CN=Annuhuh Ancewicz,OU=External,OU=Test,DC=LAB,DC=INT","2/5/2025 11:36:08 AM","False","Never","0","External;ExternalTest;Internal and External Users"
"AC607898","CN=Nantha Buirk,OU=External,OU=Test,DC=LAB,DC=INT","2/5/2025 11:35:53 AM","False","Never","0","External;ExternalTest;Internal and External Users"
"AC472718","CN=Chunyong Treffner,OU=EntraRoles,OU=Test,DC=LAB,DC=INT","2/4/2025 3:52:23 PM","False","Never","0",""
"AC647640","CN=Stan Kolotilkin,OU=Demo,DC=LAB,DC=INT","2/4/2025 3:47:12 PM","False","Never","0",""
"AC161937","CN=Patricialee Denizot,OU=Test,DC=LAB,DC=INT","2/4/2025 3:52:28 PM","False","Never","0",""
"AC603404","CN=Zanja Aleksandrich,OU=External,OU=Test,DC=LAB,DC=INT","2/5/2025 11:37:13 AM","False","Never","0","External;ExternalTest;Internal and External Users"
"AC987173","CN=Cellou Polawski,OU=Demo,DC=LAB,DC=INT","2/4/2025 3:48:56 PM","False","Never","0",""
"AC292768","CN=Kyounga Cowez,OU=External,OU=Test,DC=LAB,DC=INT","2/5/2025 11:36:54 AM","False","Never","0","External;ExternalTest;Internal and External Users"
"AC627059","CN=Gretta Sizensky,OU=Demo,DC=LAB,DC=INT","2/4/2025 3:48:03 PM","False","Never","0",""
"AC542998","CN=Sebestyen Matzouranis,OU=Test,DC=LAB,DC=INT","2/4/2025 3:51:57 PM","False","Never","0",""
"AC484609","CN=Hyeok Sangiwa,OU=Internal,OU=Test,DC=LAB,DC=INT","2/5/2025 11:39:13 AM","False","Never","0","Internal;InternalTest;Child 3;Internal and External Users"
"AC379611","CN=Kenichiro Blok,OU=Internal,OU=Test,DC=LAB,DC=INT","2/5/2025 11:39:04 AM","False","Never","0","Internal;InternalTest;Child 3;Internal and External Users"
"AC753451","CN=Dieunn Knolle,OU=Internal,OU=Test,DC=LAB,DC=INT","2/5/2025 11:39:57 AM","False","Never","0","Internal;InternalTest;Child 3;Internal and External Users"
"AC722307","CN=Jamiekan Strycker,OU=External,OU=Test,DC=LAB,DC=INT","2/5/2025 11:37:11 AM","False","Never","0","External;ExternalTest;Internal and External Users"
"AC350890","CN=Vikash Ketelboeter,OU=Demo,DC=LAB,DC=INT","2/4/2025 3:50:30 PM","False","Never","0",""
"AC676883","CN=Zahkee Ngulo,OU=Demo,DC=LAB,DC=INT","2/4/2025 3:48:41 PM","False","Never","0",""
"AC808093","CN=Maatra Cottart,OU=Test,DC=LAB,DC=INT","2/4/2025 3:52:49 PM","False","Never","0",""
"AC654032","CN=Daneilia Mettugundu,OU=Internal,OU=Test,DC=LAB,DC=INT","2/5/2025 11:39:17 AM","False","Never","0","Internal;InternalTest;Child 3;Internal and External Users"
"AC150344","CN=Vechatia Levensailor,OU=External,OU=Test,DC=LAB,DC=INT","2/5/2025 11:35:52 AM","False","Never","0","External;ExternalTest;Internal and External Users"
"AC168486","CN=Shumon Gitfon,OU=Internal,OU=Test,DC=LAB,DC=INT","2/5/2025 11:39:51 AM","False","Never","0","Internal;InternalTest;Child 3;Internal and External Users"
"AC810067","CN=Vijaikrishna Schambers,OU=External,OU=Test,DC=LAB,DC=INT","2/5/2025 11:36:45 AM","False","Never","0","External;ExternalTest;Internal and External Users"
"AC527170","CN=Perianne Honeycheck,OU=Demo,DC=LAB,DC=INT","2/4/2025 3:47:07 PM","False","Never","0",""
"AC150399","CN=Jojanneke Wilt,OU=External,OU=Test,DC=LAB,DC=INT","2/5/2025 11:36:34 AM","False","Never","0","External;ExternalTest;Internal and External Users"
"AC326946","CN=Adrin Mathern,OU=Internal,OU=Test,DC=LAB,DC=INT","2/5/2025 11:39:54 AM","False","Never","0","Internal;InternalTest;Child 3;Internal and External Users"
"AC513093","CN=Segomotso Amairi,OU=Internal,OU=Test,DC=LAB,DC=INT","2/5/2025 11:39:55 AM","False","Never","0","Internal;InternalTest;Child 3;Internal and External Users"
"AC231094","CN=Kyeri Encela,OU=Internal,OU=Test,DC=LAB,DC=INT","2/5/2025 11:39:32 AM","False","Never","0","Internal;InternalTest;Child 3;Internal and External Users"
"AC581821","CN=Jooyeon Nuivinski,OU=Test,DC=LAB,DC=INT","2/4/2025 3:52:15 PM","False","Never","0",""
"AC850679","CN=Rubalpal Dymov,OU=Internal,OU=Test,DC=LAB,DC=INT","2/5/2025 11:40:10 AM","False","Never","0","Internal;InternalTest;Child 3;Internal and External Users"
"AC714242","CN=Fenqjen Huaibang,OU=Demo,DC=LAB,DC=INT","2/4/2025 3:48:23 PM","False","Never","0",""
"AC352678","CN=Frej Santrella,OU=Demo,DC=LAB,DC=INT","2/4/2025 3:47:26 PM","False","Never","0",""
"AC185989","CN=Chayvonne Stacil,OU=External,OU=Test,DC=LAB,DC=INT","2/5/2025 11:36:31 AM","False","Never","0","External;ExternalTest;Internal and External Users"
"AC291756","CN=Latoyla Fjeldahl,OU=Demo,DC=LAB,DC=INT","2/4/2025 3:48:33 PM","False","Never","0",""
"AC315972","CN=Raeallyn Augler,OU=Demo,DC=LAB,DC=INT","2/4/2025 3:47:51 PM","False","Never","0",""
"AC594759","CN=Plotino Omale,OU=Demo,DC=LAB,DC=INT","2/4/2025 3:47:41 PM","False","Never","0",""
"AC132927","CN=Madhusudhan Sofronia,OU=Internal,OU=Test,DC=LAB,DC=INT","2/5/2025 11:39:16 AM","False","Never","0","Internal;InternalTest;Child 3;Internal and External Users"
"AC546697","CN=Elixabet Peanoski,OU=External,OU=Test,DC=LAB,DC=INT","2/5/2025 11:37:23 AM","False","Never","0","External;ExternalTest;Internal and External Users"
"AC261361","CN=Yair Getlan,OU=Demo,DC=LAB,DC=INT","2/4/2025 3:48:40 PM","False","Never","0",""
"AC796926","CN=Rusalina Mykhailova,OU=Demo,DC=LAB,DC=INT","2/4/2025 3:47:38 PM","False","Never","0",""
"AC608857","CN=Arkeba Wemphen,OU=External,OU=Test,DC=LAB,DC=INT","2/5/2025 11:36:17 AM","False","Never","0","External;ExternalTest;Internal and External Users"
"AC595467","CN=Laimons Rattman,OU=Test,DC=LAB,DC=INT","2/4/2025 3:52:52 PM","False","Never","0",""
"AC884517","CN=Jasoc Constantian,OU=External,OU=Test,DC=LAB,DC=INT","2/5/2025 11:36:30 AM","False","Never","0","External;ExternalTest;Internal and External Users"
"AC900079","CN=Eliar Perschetz,OU=External,OU=Test,DC=LAB,DC=INT","2/5/2025 11:37:23 AM","False","Never","0","External;ExternalTest;Internal and External Users"
"AC632242","CN=Bindukumari Lanfermeijer,OU=Internal,OU=Test,DC=LAB,DC=INT","2/5/2025 11:40:01 AM","False","Never","0","Internal;InternalTest;Child 3;Internal and External Users"
"AC863466","CN=Berkleigh Gedrick,OU=Internal,OU=Test,DC=LAB,DC=INT","2/5/2025 11:39:59 AM","False","Never","0","Internal;InternalTest;Child 3;Internal and External Users"
"AC641976","CN=Millianna Bostich,OU=Demo,DC=LAB,DC=INT","2/4/2025 3:48:23 PM","False","Never","0",""
"AC473475","CN=Chenxia Bogroff,OU=Demo,DC=LAB,DC=INT","2/4/2025 3:48:34 PM","False","Never","0",""
"AC978894","CN=Tumennasan Sagong,OU=Demo,DC=LAB,DC=INT","2/4/2025 3:48:56 PM","False","Never","0",""
"AC950912","CN=Sidnie Kingsten,OU=Test,DC=LAB,DC=INT","2/4/2025 3:52:46 PM","False","Never","0",""
"AC282258","CN=Travais Loriquer,OU=Test,DC=LAB,DC=INT","2/4/2025 3:52:40 PM","False","Never","0",""
"AC412876","CN=Guanbo Baxavaneos,OU=Internal,OU=Test,DC=LAB,DC=INT","2/5/2025 11:39:27 AM","False","Never","0","Internal;InternalTest;Child 3;Internal and External Users"
"AC546977","CN=Tycia Brif,OU=External,OU=Test,DC=LAB,DC=INT","2/5/2025 11:36:21 AM","False","Never","0","External;ExternalTest;Internal and External Users"
"AC722280","CN=Monasha Kutbay,OU=External,OU=Test,DC=LAB,DC=INT","2/5/2025 11:36:28 AM","False","Never","0","External;ExternalTest;Internal and External Users"
"AC758323","CN=Saftica Fparagna,OU=External,OU=Test,DC=LAB,DC=INT","2/5/2025 11:36:00 AM","False","Never","0","External;ExternalTest;Internal and External Users"
"AC323003","CN=Aspo Brizes,OU=EntraRoles,OU=Test,DC=LAB,DC=INT","2/4/2025 3:51:51 PM","False","Never","0",""
"AC668020","CN=Siwaporn Erbesti,OU=Demo,DC=LAB,DC=INT","2/4/2025 3:47:25 PM","False","Never","0",""
"AC800325","CN=Erich Moritt,OU=Internal,OU=Test,DC=LAB,DC=INT","2/5/2025 11:40:01 AM","False","Never","0","Internal;InternalTest;Child 3;Internal and External Users"
"AC771503","CN=Lemaris Shirono,OU=External,OU=Test,DC=LAB,DC=INT","2/5/2025 11:35:50 AM","False","Never","0","External;ExternalTest;Internal and External Users"
"AC948678","CN=Ragulan Ahrensdorf,OU=Demo,DC=LAB,DC=INT","2/4/2025 3:48:53 PM","False","Never","0",""
"AC191802","CN=Iluminada Ngaw,OU=Test,DC=LAB,DC=INT","2/4/2025 3:52:43 PM","False","Never","0",""
"AC250639","CN=Naishi Baglund,OU=External,OU=Test,DC=LAB,DC=INT","2/5/2025 11:35:54 AM","False","Never","0","External;ExternalTest;Internal and External Users"
"AC560458","CN=Shantiella Ihland,OU=Test,DC=LAB,DC=INT","2/4/2025 3:52:22 PM","False","Never","0",""
"AC882470","CN=Raghavendar Kand,OU=External,OU=Test,DC=LAB,DC=INT","2/5/2025 11:36:01 AM","False","Never","0","External;ExternalTest;Internal and External Users"
"AC888061","CN=Shengquin Jeschull,OU=Internal,OU=Test,DC=LAB,DC=INT","2/5/2025 11:39:09 AM","False","Never","0","Internal;InternalTest;Child 3;Internal and External Users"
"AC822331","CN=Erlend Bolinguit,OU=External,OU=Test,DC=LAB,DC=INT","2/5/2025 11:36:52 AM","False","Never","0","External;ExternalTest;Internal and External Users"
"AC419649","CN=Yankanna Luben,OU=Test,DC=LAB,DC=INT","2/4/2025 3:51:28 PM","False","Never","0",""
"AC251751","CN=Ighor Dehelean,OU=Demo,DC=LAB,DC=INT","2/4/2025 3:48:54 PM","False","Never","0",""
"AC540266","CN=Yann Bitnar,OU=External,OU=Test,DC=LAB,DC=INT","2/5/2025 11:36:52 AM","False","Never","0","External;ExternalTest;Internal and External Users"
"AC366994","CN=Jaisica Ziemkiewicz,OU=External,OU=Test,DC=LAB,DC=INT","2/5/2025 11:37:01 AM","False","Never","0","External;ExternalTest;Internal and External Users"
"AC907691","CN=Sudiptas Bertoni,OU=Demo,DC=LAB,DC=INT","2/4/2025 3:47:18 PM","False","Never","0",""
"AC704533","CN=Yosira Dolzadelli,OU=External,OU=Test,DC=LAB,DC=INT","2/5/2025 11:35:51 AM","False","Never","0","External;ExternalTest;Internal and External Users"
"AC389896","CN=Gaywala Hinsworth,OU=EntraRoles,OU=Test,DC=LAB,DC=INT","2/4/2025 3:52:03 PM","False","Never","0",""
"AC214895","CN=Tendayi Manashirova,OU=External,OU=Test,DC=LAB,DC=INT","2/5/2025 11:36:43 AM","False","Never","0","External;ExternalTest;Internal and External Users"
"AC844098","CN=Rukimotaka Proser,OU=Demo,DC=LAB,DC=INT","2/4/2025 3:47:49 PM","False","Never","0",""
"AC919653","CN=Mamdouh Pickavet,OU=Demo,DC=LAB,DC=INT","2/4/2025 3:47:30 PM","False","Never","0",""
"AC704856","CN=Demetera Stainman,OU=Internal,OU=Test,DC=LAB,DC=INT","2/5/2025 11:39:35 AM","False","Never","0","Internal;InternalTest;Child 3;Internal and External Users"
"AC594959","CN=Chaneng Kadirgamar,OU=Demo,DC=LAB,DC=INT","2/4/2025 3:47:43 PM","False","Never","0",""
"AC965155","CN=Tosja Tallarico,OU=External,OU=Test,DC=LAB,DC=INT","2/5/2025 11:36:15 AM","False","Never","0","External;ExternalTest;Internal and External Users"
"AC386759","CN=Trang Adienge,OU=Internal,OU=Test,DC=LAB,DC=INT","2/5/2025 11:39:46 AM","False","Never","0","Internal;InternalTest;Child 3;Internal and External Users"
"AC714371","CN=Leti Utne,OU=Demo,DC=LAB,DC=INT","2/4/2025 3:47:33 PM","False","Never","0",""
"AC355732","CN=Venkatagiri Kaplita,OU=Test,DC=LAB,DC=INT","2/4/2025 3:51:37 PM","False","Never","0",""
"AC264357","CN=Anitamarie Scovic,OU=External,OU=Test,DC=LAB,DC=INT","2/5/2025 11:36:57 AM","False","Never","0","External;ExternalTest;Internal and External Users"
"AC807016","CN=Dhansham Kalmanides,OU=External,OU=Test,DC=LAB,DC=INT","2/5/2025 11:37:17 AM","False","Never","0","External;ExternalTest;Internal and External Users"
"AC972561","CN=Yesmina Loporchio,OU=Test,DC=LAB,DC=INT","2/4/2025 3:52:29 PM","False","Never","0",""
"AC870145","CN=Primilina Bylen,OU=Internal,OU=Test,DC=LAB,DC=INT","2/5/2025 11:39:24 AM","False","Never","0","Internal;InternalTest;Child 3;Internal and External Users"
"AC461003","CN=Jennet Kugies,OU=Demo,DC=LAB,DC=INT","2/4/2025 3:47:47 PM","False","Never","0",""
"AC219991","CN=Lyle Kytle,OU=External,OU=Test,DC=LAB,DC=INT","2/5/2025 11:36:40 AM","False","Never","0","External;ExternalTest;Internal and External Users"
"AC674149","CN=Stephfon Busny,OU=Demo,DC=LAB,DC=INT","2/4/2025 3:48:27 PM","False","Never","0",""
"AC929061","CN=Yilu Militzer,OU=Test,DC=LAB,DC=INT","2/4/2025 3:52:16 PM","False","Never","0",""
"AC851922","CN=Samanthae Fesler,OU=Demo,DC=LAB,DC=INT","2/4/2025 3:47:22 PM","False","Never","0",""
"AC567248","CN=Gulat Zimmerlie,OU=Test,DC=LAB,DC=INT","2/4/2025 3:52:45 PM","False","Never","0",""
"AC679029","CN=Diccy Veloori,OU=External,OU=Test,DC=LAB,DC=INT","2/5/2025 11:36:40 AM","False","Never","0","External;ExternalTest;Internal and External Users"
"AC206567","CN=Shonnice Jowaski,OU=Demo,DC=LAB,DC=INT","2/4/2025 3:48:16 PM","False","Never","0",""
"AC726555","CN=Halppen Gohoc,OU=Demo,DC=LAB,DC=INT","2/4/2025 3:48:15 PM","False","Never","0",""
"AC546896","CN=Abdelhilah Yevteyev,OU=External,OU=Test,DC=LAB,DC=INT","2/5/2025 11:37:18 AM","False","Never","0","Disabled;External;ExternalTest;Internal and External Users"
"AC811094","CN=Lancec Fullam,OU=External,OU=Test,DC=LAB,DC=INT","2/5/2025 11:36:16 AM","False","Never","0","External;ExternalTest;Internal and External Users"
"AC923540","CN=Þór Fanningkwol,OU=External,OU=Test,DC=LAB,DC=INT","2/5/2025 11:36:45 AM","False","Never","0","External;ExternalTest;Internal and External Users"
"AC798096","CN=Hyram Lescaut,OU=Demo,DC=LAB,DC=INT","2/4/2025 3:47:06 PM","False","Never","0",""
"AC800705","CN=Orlandia Dennerlein,OU=Test,DC=LAB,DC=INT","2/4/2025 3:51:21 PM","False","Never","0",""
"AC588731","CN=Nischit Haprov,OU=Internal,OU=Test,DC=LAB,DC=INT","2/5/2025 11:39:32 AM","False","Never","0","Internal;InternalTest;Child 3;Internal and External Users"
"acheet.pochily","CN=Acheet Pochily,OU=Internal,OU=Test,DC=LAB,DC=INT","2/5/2025 11:39:41 AM","False","Never","0","Internal;InternalTest;Child 3;Internal and External Users"
"AC273429","CN=Arshale Greiffenstein,OU=Demo,DC=LAB,DC=INT","2/4/2025 3:48:12 PM","False","Never","0","InternalTest;ExternalTest"
"AC833472","CN=Cidette Sivrais,OU=EntraRoles,OU=Test,DC=LAB,DC=INT","2/4/2025 3:52:47 PM","False","Never","0",""
"AC768620","CN=Miwako Coruh,OU=Demo,DC=LAB,DC=INT","2/4/2025 3:47:40 PM","False","Never","0",""
"AC645400","CN=Bartacek Syron,OU=External,OU=Test,DC=LAB,DC=INT","2/5/2025 11:36:37 AM","False","Never","0","External;ExternalTest;Internal and External Users"
"AC452839","CN=Ranzall Fonsi,OU=Internal,OU=Test,DC=LAB,DC=INT","2/5/2025 11:39:34 AM","False","Never","0","Internal;InternalTest;Child 3;Internal and External Users"
"AC738257","CN=Kepten Vanderleist,OU=Test,DC=LAB,DC=INT","2/4/2025 3:52:36 PM","False","Never","0",""
"AC489829","CN=Adilton Bertschi,OU=Internal,OU=Test,DC=LAB,DC=INT","2/5/2025 11:39:49 AM","False","Never","0","Internal;InternalTest;Child 3;Internal and External Users"
"AC719507","CN=Suddhasatta Pickavance,OU=Internal,OU=Test,DC=LAB,DC=INT","2/5/2025 11:39:55 AM","False","Never","0","Internal;InternalTest;Child 3;Internal and External Users"
"AC482461","CN=Fitsum Kolkov,OU=Internal,OU=Test,DC=LAB,DC=INT","2/5/2025 11:39:10 AM","False","Never","0","Internal;InternalTest;Child 3;Internal and External Users"
"AC975061","CN=Aolo Nagurski,OU=Internal,OU=Test,DC=LAB,DC=INT","2/5/2025 11:39:44 AM","False","Never","0","Internal;InternalTest;Child 3;Internal and External Users"
"AC143170","CN=Insela Roshten,OU=External,OU=Test,DC=LAB,DC=INT","2/5/2025 11:35:58 AM","False","Never","0","External;ExternalTest;Internal and External Users"
"AC652800","CN=Flippie Taweponsomkiat,OU=Demo,DC=LAB,DC=INT","2/4/2025 3:48:51 PM","False","Never","0",""
"AC263087","CN=Saamia Nordblom,OU=External,OU=Test,DC=LAB,DC=INT","2/5/2025 11:37:02 AM","False","Never","0","External;ExternalTest;Internal and External Users"
"AC730490","CN=Sharae Ondriezek,OU=Test,DC=LAB,DC=INT","2/4/2025 3:52:51 PM","False","Never","0",""
"AC636001","CN=Lekitha Tharington,OU=Internal,OU=Test,DC=LAB,DC=INT","2/5/2025 11:39:25 AM","False","Never","0","Internal;InternalTest;Child 3;Internal and External Users"
"AC183711","CN=Ssapkal Kilmann,OU=External,OU=Test,DC=LAB,DC=INT","2/5/2025 11:37:00 AM","False","Never","0","External;ExternalTest;Internal and External Users"
"AC677371","CN=Vanneise Kumakiri,OU=Internal,OU=Test,DC=LAB,DC=INT","2/5/2025 11:40:06 AM","False","Never","0","Parent;InternalTest;Internal;InternalTest;Child 3;Internal and External Users"
"AC412972","CN=Roddry Dalbor,OU=Internal,OU=Test,DC=LAB,DC=INT","2/5/2025 11:39:18 AM","False","Never","0","Internal;InternalTest;Child 3;Internal and External Users"
"AC886384","CN=Anacani Brinster,OU=Internal,OU=Test,DC=LAB,DC=INT","2/5/2025 11:40:04 AM","False","Never","0","Internal;InternalTest;Child 3;Internal and External Users"
"AC700944","CN=Ema Marija Applebaumn,OU=EntraRoles,OU=Test,DC=LAB,DC=INT","2/4/2025 3:52:44 PM","False","Never","0",""
"AC777138","CN=Nizama Gottschlag,OU=Demo,DC=LAB,DC=INT","2/4/2025 3:47:18 PM","False","Never","0",""
"AC650954","CN=Tysene Endico,OU=Demo,DC=LAB,DC=INT","2/4/2025 3:48:05 PM","False","Never","0",""
"AC523573","CN=Yashpreet Gruccibutler,OU=External,OU=Test,DC=LAB,DC=INT","2/5/2025 11:36:47 AM","False","Never","0","External;ExternalTest;Internal and External Users"
"AC819237","CN=Wresteler Feeheley,OU=Test,DC=LAB,DC=INT","2/4/2025 3:51:13 PM","False","Never","0",""
"AC912944","CN=Imadeddine Cronce,OU=Demo,DC=LAB,DC=INT","2/4/2025 3:47:42 PM","False","Never","0",""
"AC432721","CN=Chalengpoj Cimea,OU=Demo,DC=LAB,DC=INT","2/4/2025 3:47:17 PM","False","Never","0",""
"AC543308","CN=Vidhami Costopoulos,OU=Demo,DC=LAB,DC=INT","2/4/2025 3:47:53 PM","False","Never","0",""
"AC559689","CN=Thirupath Arsik,OU=Demo,DC=LAB,DC=INT","2/4/2025 3:48:42 PM","False","Never","0",""
"AC909880","CN=Portene Schwarzman,OU=Internal,OU=Test,DC=LAB,DC=INT","2/5/2025 11:39:52 AM","False","Never","0","Internal;InternalTest;Child 3;Internal and External Users"
"AC667001","CN=Nevadi Fuechtner,OU=Internal,OU=Test,DC=LAB,DC=INT","2/5/2025 11:39:25 AM","False","Never","0","Internal;InternalTest;Child 3;Internal and External Users"
"AC719214","CN=Paigepooser Petke,OU=Test,DC=LAB,DC=INT","2/4/2025 3:51:12 PM","False","Never","0",""
"AC414646","CN=Judonne Rondeau,OU=External,OU=Test,DC=LAB,DC=INT","2/5/2025 11:37:17 AM","False","Never","0","External;ExternalTest;Internal and External Users"
"AC443144","CN=Kebirn Chibogu,OU=External,OU=Test,DC=LAB,DC=INT","2/5/2025 11:35:56 AM","False","Never","0","External;ExternalTest;Internal and External Users"
"AC614064","CN=Bernarda Nada Semprez,OU=External,OU=Test,DC=LAB,DC=INT","2/5/2025 11:36:09 AM","False","Never","0","External;ExternalTest;Internal and External Users"
"AC104378","CN=Shiamala Garrigan,OU=Internal,OU=Test,DC=LAB,DC=INT","2/5/2025 11:39:37 AM","False","Never","0","Internal;InternalTest;Child 3;Internal and External Users"
"AC882488","CN=Zhongjun Singstad,OU=External,OU=Test,DC=LAB,DC=INT","2/5/2025 11:37:03 AM","False","Never","0","External;ExternalTest;Internal and External Users"
"AC110431","CN=Masahji Penrosetony,OU=Test,DC=LAB,DC=INT","2/4/2025 3:51:10 PM","False","Never","0",""
"AC286159","CN=Deuce Lehkonen,OU=External,OU=Test,DC=LAB,DC=INT","2/5/2025 11:37:07 AM","False","Never","0","External;ExternalTest;Internal and External Users"
"AC577566","CN=Courtlann Stragapede,OU=Demo,DC=LAB,DC=INT","2/4/2025 3:47:31 PM","False","Never","0",""
"AC193117","CN=Meghanathan Pastotnik,OU=External,OU=Test,DC=LAB,DC=INT","2/5/2025 11:37:22 AM","False","Never","0","External;ExternalTest;Internal and External Users"
"AC275582","CN=Chiwionne Brunko,OU=Internal,OU=Test,DC=LAB,DC=INT","2/5/2025 11:39:52 AM","False","Never","0","Internal;InternalTest;Child 3;Internal and External Users"
"AC925596","CN=Rhica Gupt,OU=Demo,DC=LAB,DC=INT","2/4/2025 3:47:35 PM","False","Never","0",""
"AC779402","CN=Gunarlen Puzenski,OU=Demo,DC=LAB,DC=INT","2/4/2025 3:47:46 PM","False","Never","0",""
"AC631282","CN=Oneyda Izadidakhrabadi,OU=Test,DC=LAB,DC=INT","2/4/2025 3:52:10 PM","False","Never","0",""
"AC543151","CN=Warnkar Mezzetti,OU=External,OU=Test,DC=LAB,DC=INT","2/5/2025 11:36:29 AM","False","Never","0","External;ExternalTest;Internal and External Users"
"AC676953","CN=Takanori Threldkeld,OU=External,OU=Test,DC=LAB,DC=INT","2/5/2025 11:36:23 AM","False","Never","0","External;ExternalTest;Internal and External Users"
"AC254514","CN=Golali Mcculliss,OU=Internal,OU=Test,DC=LAB,DC=INT","2/5/2025 11:40:16 AM","False","Never","0","Internal;InternalTest;Child 3;Internal and External Users"
"AC625886","CN=Sonitaeg Dipyatic,OU=External,OU=Test,DC=LAB,DC=INT","2/5/2025 11:36:54 AM","False","Never","0","External;ExternalTest;Internal and External Users"
"AC739887","CN=Ratanavadee Delaar,OU=Internal,OU=Test,DC=LAB,DC=INT","2/5/2025 11:39:36 AM","False","Never","0","Internal;InternalTest;Child 3;Internal and External Users"
"AC557812","CN=Ágústa Dubray,OU=Internal,OU=Test,DC=LAB,DC=INT","2/5/2025 11:39:57 AM","False","Never","0","Internal;InternalTest;Child 3;Internal and External Users"
"AC844134","CN=Yamalie Huryta,OU=Internal,OU=Test,DC=LAB,DC=INT","2/5/2025 11:40:08 AM","False","Never","0","Internal;InternalTest;Child 3;Internal and External Users"
"AC457423","CN=Keicia Anklan,OU=External,OU=Test,DC=LAB,DC=INT","2/5/2025 11:37:22 AM","False","Never","0","External;ExternalTest;Internal and External Users"
"AC163811","CN=Claree Wadiak,OU=External,OU=Test,DC=LAB,DC=INT","2/5/2025 11:36:07 AM","False","Never","0","External;ExternalTest;Internal and External Users"
"AC366641","CN=Trenny Fishstrom,OU=External,OU=Test,DC=LAB,DC=INT","2/5/2025 11:36:58 AM","False","Never","0","External;ExternalTest;Internal and External Users"
"AC325986","CN=Odette Clevenson,OU=Demo,DC=LAB,DC=INT","2/4/2025 3:48:03 PM","False","Never","0",""
"AC609375","CN=Frinde Haskal,OU=Demo,DC=LAB,DC=INT","2/4/2025 3:48:19 PM","False","Never","0",""
"AC256381","CN=Galynne Chabek,OU=EntraRoles,OU=Test,DC=LAB,DC=INT","2/4/2025 3:52:31 PM","False","Never","0",""
"AC465139","CN=Pangdao Scodella,OU=Demo,DC=LAB,DC=INT","2/4/2025 3:50:31 PM","False","Never","0",""
"AC773075","CN=Thearsa Heisch,OU=Internal,OU=Test,DC=LAB,DC=INT","2/5/2025 11:39:07 AM","False","Never","0","Internal;InternalTest;Child 3;Internal and External Users"
"AC473296","CN=Jaana Sceats,OU=External,OU=Test,DC=LAB,DC=INT","2/5/2025 11:37:04 AM","False","Never","0","External;ExternalTest;Internal and External Users"
"AC273613","CN=Eleice Holoien,OU=External,OU=Test,DC=LAB,DC=INT","2/5/2025 11:36:35 AM","False","Never","0","External;ExternalTest;Internal and External Users"
"AC151233","CN=Mevalyn Saschunk,OU=Demo,DC=LAB,DC=INT","2/4/2025 3:47:25 PM","False","Never","0",""
"AC461408","CN=Cilika Gongal,OU=External,OU=Test,DC=LAB,DC=INT","2/5/2025 11:37:21 AM","False","Never","0","External;ExternalTest;Internal and External Users"
"AC121862","CN=Gentiana Panfiglio,OU=Demo,DC=LAB,DC=INT","2/4/2025 3:47:52 PM","False","Never","0",""
"AC696812","CN=Dywayne Bunnapradist,OU=Internal,OU=Test,DC=LAB,DC=INT","2/5/2025 11:39:23 AM","False","Never","0","Internal;InternalTest;Child 3;Internal and External Users"
"AC120828","CN=Tavonne Kujac,OU=External,OU=Test,DC=LAB,DC=INT","2/5/2025 11:37:20 AM","False","Never","0","External;ExternalTest;Internal and External Users"
"AC989230","CN=Watcherakorn Shassere,OU=External,OU=Test,DC=LAB,DC=INT","2/5/2025 11:35:49 AM","False","Never","0","External;ExternalTest;Internal and External Users"
"AC823640","CN=Lizika Fusillo,OU=Internal,OU=Test,DC=LAB,DC=INT","2/5/2025 11:39:12 AM","False","Never","0","Internal;InternalTest;Child 3;Internal and External Users"
"AC739084","CN=Uzeir Szonyi,OU=Test,DC=LAB,DC=INT","2/4/2025 3:52:04 PM","False","Never","0",""
"AC142780","CN=Bilynnette Stergiades,OU=Internal,OU=Test,DC=LAB,DC=INT","2/5/2025 11:40:00 AM","False","Never","0","Internal;InternalTest;Child 3;Internal and External Users"
"AC341192","CN=Quovella Krolick,OU=Internal,OU=Test,DC=LAB,DC=INT","2/5/2025 11:39:42 AM","False","Never","0","Internal;InternalTest;Child 3;Internal and External Users"
"AC452135","CN=AneKa Hartbeck,OU=External,OU=Test,DC=LAB,DC=INT","2/5/2025 11:37:02 AM","False","Never","0","External;ExternalTest;Internal and External Users"
"AC326938","CN=Etera Kivit,OU=Demo,DC=LAB,DC=INT","2/4/2025 3:48:32 PM","False","Never","0",""
"AC139608","CN=Aniqa Ketcho,OU=External,OU=Test,DC=LAB,DC=INT","2/5/2025 11:36:48 AM","False","Never","0","External;ExternalTest;Internal and External Users"
"AC851238","CN=Moesh Duvidzon,OU=External,OU=Test,DC=LAB,DC=INT","2/5/2025 11:36:56 AM","False","Never","0","External;ExternalTest;Internal and External Users"
"AC300507","CN=Petetrina Milstone,OU=Demo,DC=LAB,DC=INT","2/4/2025 3:47:50 PM","False","Never","0",""
"AC897885","CN=Germando Labuzienski,OU=External,OU=Test,DC=LAB,DC=INT","2/5/2025 11:36:42 AM","False","Never","0","External;ExternalTest;Internal and External Users"
"AC766682","CN=Darin Mooshabad,OU=EntraRoles,OU=Test,DC=LAB,DC=INT","2/4/2025 3:52:13 PM","False","Never","0",""
"AC365793","CN=Eryne Barichello,OU=External,OU=Test,DC=LAB,DC=INT","2/5/2025 11:36:14 AM","False","Never","0","External;ExternalTest;Internal and External Users"
"AC721601","CN=Diyi Zukof,OU=Demo,DC=LAB,DC=INT","2/4/2025 3:48:43 PM","False","Never","0",""
"AC745925","CN=Prattcomd Panche,OU=Demo,DC=LAB,DC=INT","2/4/2025 3:47:29 PM","False","Never","0",""
"AC466531","CN=Stoyanka Pasadino,OU=Internal,OU=Test,DC=LAB,DC=INT","2/5/2025 11:39:05 AM","False","Never","0","Internal;InternalTest;Child 3;Internal and External Users"
"AC762502","CN=Leijun Haek,OU=External,OU=Test,DC=LAB,DC=INT","2/5/2025 11:35:52 AM","False","Never","0","External;ExternalTest;Internal and External Users"
"AC597637","CN=Ilhem Shaffbower,OU=Test,DC=LAB,DC=INT","2/4/2025 3:52:25 PM","False","Never","0",""
"AC914895","CN=Nkenji Bransetter,OU=Test,DC=LAB,DC=INT","2/4/2025 3:51:43 PM","False","Never","0",""
"AC457259","CN=Sonila Winborg,OU=External,OU=Test,DC=LAB,DC=INT","2/5/2025 11:36:33 AM","False","Never","0","External;ExternalTest;Internal and External Users"
"AC547744","CN=Jimmel Obievune,OU=External,OU=Test,DC=LAB,DC=INT","2/5/2025 11:36:28 AM","False","Never","0","External;ExternalTest;Internal and External Users"
"AC831197","CN=Hasitha Nowobilski,OU=Demo,DC=LAB,DC=INT","2/4/2025 3:48:18 PM","False","Never","0",""
"AC955021","CN=Avent Korwitts,OU=Internal,OU=Test,DC=LAB,DC=INT","2/5/2025 11:40:04 AM","False","Never","0","Internal;InternalTest;Child 3;Internal and External Users"
"AC539439","CN=Qijin Priget,OU=Demo,DC=LAB,DC=INT","2/4/2025 3:48:54 PM","False","Never","0",""
"AC775085","CN=Lyzel Sosnove,OU=External,OU=Test,DC=LAB,DC=INT","2/5/2025 11:36:30 AM","False","Never","0","External;ExternalTest;Internal and External Users"
"AC295524","CN=Betka Badge,OU=Demo,DC=LAB,DC=INT","2/4/2025 3:47:21 PM","False","Never","0",""
"AC306610","CN=Wandisile Aichmair,OU=Test,DC=LAB,DC=INT","2/4/2025 3:51:16 PM","False","Never","0",""
"AC276147","CN=Petrona Zembrodt,OU=External,OU=Test,DC=LAB,DC=INT","2/5/2025 11:37:11 AM","False","Never","0","External;ExternalTest;Internal and External Users"
"AC619401","CN=Dorotej Barter,OU=External,OU=Test,DC=LAB,DC=INT","2/5/2025 11:36:36 AM","False","Never","0","External;ExternalTest;Internal and External Users"
"AC577793","CN=Atilio Krzywoszynska,OU=EntraRoles,OU=Test,DC=LAB,DC=INT","2/4/2025 3:52:11 PM","False","Never","0",""
"AC830192","CN=Asheleigh Ruzow,OU=External,OU=Test,DC=LAB,DC=INT","2/5/2025 11:36:06 AM","False","Never","0","External;ExternalTest;Internal and External Users"
"AC916005","CN=Pierrealain Laakes,OU=External,OU=Test,DC=LAB,DC=INT","2/5/2025 11:37:12 AM","False","Never","0","External;ExternalTest;Internal and External Users"
"AC902379","CN=Shahodah Qizilbash,OU=External,OU=Test,DC=LAB,DC=INT","2/5/2025 11:36:14 AM","False","Never","0","External;ExternalTest;Internal and External Users"
"AC535709","CN=Kaiyomarz Schemrich,OU=Internal,OU=Test,DC=LAB,DC=INT","2/5/2025 11:39:38 AM","False","Never","0","Internal;InternalTest;Child 3;Internal and External Users"
"AC215002","CN=Shalitris Sukduang,OU=Test,DC=LAB,DC=INT","2/4/2025 3:51:36 PM","False","Never","0",""
"AC820810","CN=NadeDa Kukutla,OU=Test,DC=LAB,DC=INT","2/4/2025 3:52:21 PM","False","Never","0",""
"AC934638","CN=Jumichael Gasken,OU=External,OU=Test,DC=LAB,DC=INT","2/5/2025 11:35:59 AM","False","Never","0","External;ExternalTest;Internal and External Users"
"AC638043","CN=Kathreine Rodriguezjorge,OU=Demo,DC=LAB,DC=INT","2/4/2025 3:50:29 PM","False","Never","0",""
"AC841197","CN=Kukwon Moevao,OU=Test,DC=LAB,DC=INT","2/4/2025 3:52:26 PM","False","Never","0",""
"AC652571","CN=Hesyan Panaseny,OU=Test,DC=LAB,DC=INT","2/4/2025 3:51:34 PM","False","Never","0",""
"AC296678","CN=Guangbo Sintros,OU=External,OU=Test,DC=LAB,DC=INT","2/5/2025 11:36:04 AM","False","Never","0","External;ExternalTest;Internal and External Users"
"AC575289","CN=Alojzy Radburnd,OU=Demo,DC=LAB,DC=INT","2/4/2025 3:48:26 PM","False","Never","0",""
"AC266024","CN=Natlaie Venheisen,OU=Demo,DC=LAB,DC=INT","2/4/2025 3:48:24 PM","False","Never","0",""
"AC236534","CN=Richaardt Gennero,OU=External,OU=Test,DC=LAB,DC=INT","2/5/2025 11:36:44 AM","False","Never","0","External;ExternalTest;Internal and External Users"
"AC960013","CN=Adelhard Poritsanos,OU=Demo,DC=LAB,DC=INT","2/4/2025 3:47:27 PM","False","Never","0",""
"AC304787","CN=Moona Kozyrczak,OU=Demo,DC=LAB,DC=INT","2/4/2025 3:48:52 PM","False","Never","0",""
"AC776803","CN=Prateek Schewes,OU=External,OU=Test,DC=LAB,DC=INT","2/5/2025 11:37:04 AM","False","Never","0","External;ExternalTest;Internal and External Users"
"AC582834","CN=Nasseem Cizerle,OU=Demo,DC=LAB,DC=INT","2/4/2025 3:48:13 PM","False","Never","0",""
"AC572915","CN=Zaheesh Mondillo,OU=Internal,OU=Test,DC=LAB,DC=INT","2/5/2025 11:39:14 AM","False","Never","0","Internal;InternalTest;Child 3;Internal and External Users"
"AC231720","CN=Eyston Fallontowne,OU=EntraRoles,OU=Test,DC=LAB,DC=INT","2/4/2025 3:52:07 PM","False","Never","0",""
"AC424227","CN=Ipas Chippendale,OU=Test,DC=LAB,DC=INT","2/4/2025 3:51:08 PM","False","Never","0",""
"AC597924","CN=Janjay Hackemer,OU=Demo,DC=LAB,DC=INT","2/4/2025 3:47:19 PM","False","Never","0",""
"AC380736","CN=Embark Draughter,OU=Demo,DC=LAB,DC=INT","2/4/2025 3:50:31 PM","False","Never","0",""
"AC768856","CN=Delandis Frakaloss,OU=Demo,DC=LAB,DC=INT","2/4/2025 3:48:29 PM","False","Never","0",""
"AC366398","CN=Guedimon Vievering,OU=Demo,DC=LAB,DC=INT","2/4/2025 3:47:21 PM","False","Never","0",""
"AC271677","CN=Rakhuma Leeder,OU=Demo,DC=LAB,DC=INT","2/4/2025 3:48:36 PM","False","Never","0",""
"AC300803","CN=Sujayla Kutny,OU=External,OU=Test,DC=LAB,DC=INT","2/5/2025 11:36:26 AM","False","Never","0","External;ExternalTest;Internal and External Users"
"AC429928","CN=Regeena Streicker,OU=Demo,DC=LAB,DC=INT","2/4/2025 3:47:49 PM","False","Never","0",""
"AC373682","CN=Bonakele Lichtcsien,OU=Demo,DC=LAB,DC=INT","2/4/2025 3:48:22 PM","False","Never","0",""
"AC462009","CN=Mayk Pochtrager,OU=Demo,DC=LAB,DC=INT","2/4/2025 3:47:16 PM","False","Never","0",""
"AC845522","CN=Knona Oreiro,OU=Demo,DC=LAB,DC=INT","2/4/2025 3:48:49 PM","False","Never","0",""
"AC114393","CN=Ellye Sikoutris,OU=Internal,OU=Test,DC=LAB,DC=INT","2/5/2025 11:39:48 AM","False","Never","0","Internal;InternalTest;Child 3;Internal and External Users"
"AC850533","CN=Giamal Hauzeur,OU=External,OU=Test,DC=LAB,DC=INT","2/5/2025 11:37:19 AM","False","Never","0","External;ExternalTest;Internal and External Users"
"AC359582","CN=Sudamys Siemborski,OU=Demo,DC=LAB,DC=INT","2/4/2025 3:47:48 PM","False","Never","0",""
"AC995697","CN=Seji Moningka,OU=External,OU=Test,DC=LAB,DC=INT","2/5/2025 11:36:18 AM","False","Never","0","External;ExternalTest;Internal and External Users"
"AC949359","CN=Elisabeta Mangaroo,OU=Internal,OU=Test,DC=LAB,DC=INT","2/5/2025 11:40:14 AM","False","Never","0","Internal;InternalTest;Child 3;Internal and External Users"
"AC336564","CN=Zayli Ballatan,OU=Internal,OU=Test,DC=LAB,DC=INT","2/5/2025 11:39:58 AM","False","Never","0","Internal;InternalTest;Child 3;Internal and External Users"
"AC209583","CN=Phivos Kholos,OU=Internal,OU=Test,DC=LAB,DC=INT","2/5/2025 11:39:21 AM","False","Never","0","Internal;InternalTest;Child 3;Internal and External Users"
"AC860686","CN=Bixi Raifsnider,OU=EntraRoles,OU=Test,DC=LAB,DC=INT","2/4/2025 3:52:05 PM","False","Never","0",""
"AC251593","CN=Krenar Okonkwo,OU=External,OU=Test,DC=LAB,DC=INT","2/5/2025 11:35:53 AM","False","Never","0","External;ExternalTest;Internal and External Users"
"AC457234","CN=Osly Bongila,OU=Demo,DC=LAB,DC=INT","2/4/2025 3:47:44 PM","False","Never","0",""
"Administrator","CN=Administrator,CN=Users,DC=LAB,DC=INT","9/15/2024 9:54:26 PM","True","2/4/2025 3:38:51 PM","50","ADSyncAdmins;Group Policy Creator Owners;Denied RODC Password Replication Group;Domain Admins;Denied RODC Password Replication Group;Administrators;Enterprise Admins;Denied RODC Password Replication Group;Administrators;Schema Admins;Denied RODC Password Replication Group;Administrators"
"AC507608","CN=Tiril Bornling,OU=Demo,DC=LAB,DC=INT","2/4/2025 3:47:11 PM","False","Never","0",""
"AC458922","CN=Marguarete Nthite,OU=Test,DC=LAB,DC=INT","2/4/2025 3:51:31 PM","False","Never","0",""
"AC454731","CN=Rbiha Nibhuachalla,OU=Demo,DC=LAB,DC=INT","2/4/2025 3:48:08 PM","False","Never","0",""
"AC938511","CN=Varina Mashevsky,OU=Internal,OU=Test,DC=LAB,DC=INT","2/5/2025 11:39:03 AM","False","Never","0","Internal;InternalTest;Child 3;Internal and External Users"
"AC718975","CN=Ritchard Rateri,OU=Test,DC=LAB,DC=INT","2/4/2025 3:52:35 PM","False","Never","0",""
"AC678174","CN=Raifroid Cupillo,OU=Test,DC=LAB,DC=INT","2/4/2025 3:52:44 PM","False","Never","0",""
"AC894845","CN=Al Reinert,OU=Demo,DC=LAB,DC=INT","2/4/2025 3:48:20 PM","False","Never","0",""
"AC214990","CN=Izaro Shepeck,OU=Test,DC=LAB,DC=INT","2/4/2025 3:51:38 PM","False","Never","0",""
"AC515006","CN=Ayshen Pickerellloretta,OU=External,OU=Test,DC=LAB,DC=INT","2/5/2025 11:36:10 AM","False","Never","0","External;ExternalTest;Internal and External Users"
"AC328180","CN=Ibuomi Omelian,OU=Test,DC=LAB,DC=INT","2/4/2025 3:51:44 PM","False","Never","0",""
"AC462361","CN=Thomnoon Mulare,OU=External,OU=Test,DC=LAB,DC=INT","2/5/2025 11:36:21 AM","False","Never","0","External;ExternalTest;Internal and External Users"
"AC817263","CN=Meshikiarichimonorikushi Zovko,OU=Internal,OU=Test,DC=LAB,DC=INT","2/5/2025 11:39:41 AM","False","Never","0","Internal;InternalTest;Child 3;Internal and External Users"
"AC420046","CN=Guncha Protreet,OU=Demo,DC=LAB,DC=INT","2/4/2025 3:47:16 PM","False","Never","0",""
"AC149972","CN=Maximilian Elzufon,OU=External,OU=Test,DC=LAB,DC=INT","2/5/2025 11:36:17 AM","False","Never","0","External;ExternalTest;Internal and External Users"
"AC216711","CN=Firyal Zarybnisky,OU=Demo,DC=LAB,DC=INT","2/4/2025 3:47:42 PM","False","Never","0",""
"AC940953","CN=Victoriana Akinjide,OU=External,OU=Test,DC=LAB,DC=INT","2/5/2025 11:36:50 AM","False","Never","0","External;ExternalTest;Internal and External Users"
"AC272128","CN=Yashka Dabe,OU=Internal,OU=Test,DC=LAB,DC=INT","2/5/2025 11:40:16 AM","False","Never","0","Internal;InternalTest;Child 3;Internal and External Users"
"AC780887","CN=Jivaka Ongardanunkul,OU=External,OU=Test,DC=LAB,DC=INT","2/5/2025 11:36:08 AM","False","Never","0","External;ExternalTest;Internal and External Users"
"AC987727","CN=Latarzja Spediota,OU=Internal,OU=Test,DC=LAB,DC=INT","2/5/2025 11:39:42 AM","False","Never","0","Internal;InternalTest;Child 3;Internal and External Users"
"AC290959","CN=Tawnisha Deocamp,OU=Demo,DC=LAB,DC=INT","2/4/2025 3:47:34 PM","False","Never","0",""
"AC606399","CN=Darrylisa Refenes,OU=Demo,DC=LAB,DC=INT","2/4/2025 3:47:14 PM","False","Never","0",""
"AC735390","CN=Baocai Opheim,OU=Demo,DC=LAB,DC=INT","2/4/2025 3:47:10 PM","False","Never","0",""
"AC319254","CN=Kyojiro Fahland,OU=Internal,OU=Test,DC=LAB,DC=INT","2/5/2025 11:40:08 AM","False","Never","0","Internal;InternalTest;Child 3;Internal and External Users"
"AC128234","CN=Camqui Kusendorf,OU=EntraRoles,OU=Test,DC=LAB,DC=INT","2/4/2025 3:52:17 PM","False","Never","0",""
"AC108052","CN=Sachi Eicken,OU=Internal,OU=Test,DC=LAB,DC=INT","2/5/2025 11:40:05 AM","False","Never","0","Internal;InternalTest;Child 3;Internal and External Users"
"AC868947","CN=Zhuldyz Cloutie,OU=Demo,DC=LAB,DC=INT","2/4/2025 3:47:54 PM","False","Never","0",""
"AC765565","CN=Nageshwara Borane,OU=Test,DC=LAB,DC=INT","2/4/2025 3:51:14 PM","False","Never","0",""
"AC834121","CN=Dwellion Kastrinsky,OU=EntraRoles,OU=Test,DC=LAB,DC=INT","2/4/2025 3:52:39 PM","False","Never","0",""
"AC989886","CN=Zario Hilao,OU=External,OU=Test,DC=LAB,DC=INT","2/5/2025 11:36:06 AM","False","Never","0","External;ExternalTest;Internal and External Users"
"AC791604","CN=Suone Tywoniuk,OU=Demo,DC=LAB,DC=INT","2/4/2025 3:48:14 PM","False","Never","0",""
"AC970700","CN=Cartik Wokurka,OU=Internal,OU=Test,DC=LAB,DC=INT","2/5/2025 11:40:13 AM","False","Never","0","Internal;InternalTest;Child 3;Internal and External Users"
"AC434221","CN=Kerma Connoll,OU=External,OU=Test,DC=LAB,DC=INT","2/5/2025 11:37:14 AM","False","Never","0","External;ExternalTest;Internal and External Users"
"AC530092","CN=Donnilee Sypetras,OU=Internal,OU=Test,DC=LAB,DC=INT","2/5/2025 11:39:44 AM","False","Never","0","Internal;InternalTest;Child 3;Internal and External Users"
"AC214817","CN=Tarsha Asocar,OU=Internal,OU=Test,DC=LAB,DC=INT","2/5/2025 11:40:09 AM","False","Never","0","Internal;InternalTest;Child 3;Internal and External Users"
"AC531873","CN=Yufen Boucino,OU=Demo,DC=LAB,DC=INT","2/4/2025 3:48:42 PM","False","Never","0",""
"AC199888","CN=Smangaliso Perna,OU=Test,DC=LAB,DC=INT","2/4/2025 3:52:15 PM","False","Never","0",""
"AC813688","CN=Conna Gmoser,OU=Demo,DC=LAB,DC=INT","2/4/2025 3:47:38 PM","False","Never","0",""
"AC358116","CN=Juliec Zoayter,OU=Test,DC=LAB,DC=INT","2/4/2025 3:51:32 PM","False","Never","0",""
"AC344481","CN=Jaehyup Gemilere,OU=External,OU=Test,DC=LAB,DC=INT","2/5/2025 11:35:50 AM","False","Never","0","External;ExternalTest;Internal and External Users"
"AC169513","CN=Huratu Zazyczny,OU=Internal,OU=Test,DC=LAB,DC=INT","2/5/2025 11:39:50 AM","False","Never","0","Internal;InternalTest;Child 3;Internal and External Users"
"AC248536","CN=Ycrespo Rumlow,OU=External,OU=Test,DC=LAB,DC=INT","2/5/2025 11:37:18 AM","False","Never","0","External;ExternalTest;Internal and External Users"
"AC237911","CN=Brittanyr Desnoyers,OU=Internal,OU=Test,DC=LAB,DC=INT","2/5/2025 11:40:12 AM","False","Never","0","Internal;InternalTest;Child 3;Internal and External Users"
"AC409379","CN=Herlisa Barnstorf,OU=Internal,OU=Test,DC=LAB,DC=INT","2/5/2025 11:39:30 AM","False","Never","0","Internal;InternalTest;Child 3;Internal and External Users"
"AC853554","CN=Ryuji Valenziano,OU=External,OU=Test,DC=LAB,DC=INT","2/5/2025 11:36:04 AM","False","Never","0","External;ExternalTest;Internal and External Users"
"AC142508","CN=Mercurion Luhoren,OU=External,OU=Test,DC=LAB,DC=INT","2/5/2025 11:36:02 AM","False","Never","0","External;ExternalTest;Internal and External Users"
"AC229694","CN=Sheralene Belloma,OU=Internal,OU=Test,DC=LAB,DC=INT","2/5/2025 11:40:06 AM","False","Never","0","Internal;InternalTest;Child 3;Internal and External Users"
"AC968880","CN=Fondtane Wampuszyc,OU=External,OU=Test,DC=LAB,DC=INT","2/5/2025 11:36:24 AM","False","Never","0","External;ExternalTest;Internal and External Users"
"AC708810","CN=Xinrou Sorheim,OU=External,OU=Test,DC=LAB,DC=INT","2/5/2025 11:36:36 AM","False","Never","0","External;ExternalTest;Internal and External Users"
"AC818434","CN=Bebbie Vadlapudi,OU=Internal,OU=Test,DC=LAB,DC=INT","2/5/2025 11:39:28 AM","False","Never","0","Internal;InternalTest;Child 3;Internal and External Users"
"AC377378","CN=Zhude Lillich,OU=Test,DC=LAB,DC=INT","2/4/2025 3:52:47 PM","False","Never","0",""
"AC390405","CN=Tchavder Bizenov,OU=Demo,DC=LAB,DC=INT","2/4/2025 3:47:57 PM","False","Never","0",""
"AC966706","CN=Octvia Ozyilmaz,OU=External,OU=Test,DC=LAB,DC=INT","2/5/2025 11:37:09 AM","False","Never","0","External;ExternalTest;Internal and External Users"
"AC468134","CN=Gmrs Hijjah,OU=External,OU=Test,DC=LAB,DC=INT","2/5/2025 11:36:11 AM","False","Never","0","External;ExternalTest;Internal and External Users"
"AC834677","CN=Sherstin Diamons,OU=External,OU=Test,DC=LAB,DC=INT","2/5/2025 11:36:19 AM","False","Never","0","External;ExternalTest;Internal and External Users"
"AC888392","CN=Fenella Sebastos,OU=Demo,DC=LAB,DC=INT","2/4/2025 3:47:56 PM","False","Never","0",""
"AC792190","CN=Kewia Tantium,OU=External,OU=Test,DC=LAB,DC=INT","2/5/2025 11:35:55 AM","False","Never","0","External;ExternalTest;Internal and External Users"
"AC334860","CN=Coomie Kuchmay,OU=Demo,DC=LAB,DC=INT","2/4/2025 3:47:48 PM","False","Never","0",""
"AC248852","CN=Ledonna Yando,OU=Demo,DC=LAB,DC=INT","2/4/2025 3:47:09 PM","False","Never","0",""
"AC610611","CN=Takefumi Leberfing,OU=Demo,DC=LAB,DC=INT","2/4/2025 3:48:48 PM","False","Never","0",""
"AC509629","CN=Onindom Lathroum,OU=External,OU=Test,DC=LAB,DC=INT","2/5/2025 11:37:13 AM","False","Never","0","External;ExternalTest;Internal and External Users"
"AC669768","CN=Tiedre Nechrony,OU=Demo,DC=LAB,DC=INT","2/4/2025 3:47:37 PM","False","Never","0",""
"MSOL_09944ff9a2ca","CN=MSOL_09944ff9a2ca,CN=Users,DC=LAB,DC=INT","2/5/2025 12:04:44 PM","True","2/5/2025 12:04:46 PM","503",""
"AC262269","CN=Zhengian Armont,OU=Demo,DC=LAB,DC=INT","2/4/2025 3:47:30 PM","False","Never","0",""
"AC537247","CN=Quintine Mcelvany,OU=Internal,OU=Test,DC=LAB,DC=INT","2/5/2025 11:39:08 AM","False","Never","0","Internal;InternalTest;Child 3;Internal and External Users"
"AC242131","CN=Kemmico Kahalley,OU=Demo,DC=LAB,DC=INT","2/4/2025 3:47:05 PM","False","Never","0",""
"AC804557","CN=Karonia Piersky,OU=External,OU=Test,DC=LAB,DC=INT","2/5/2025 11:36:57 AM","False","Never","0","External;ExternalTest;Internal and External Users"
"AC883880","CN=Aikiah Panuganty,OU=Demo,DC=LAB,DC=INT","2/4/2025 3:48:29 PM","False","Never","0",""
"AC157220","CN=Milcom Fochett,OU=Demo,DC=LAB,DC=INT","2/4/2025 3:47:07 PM","False","Never","0",""
"AC665154","CN=Wolfries Spacko,OU=Demo,DC=LAB,DC=INT","2/4/2025 3:48:05 PM","False","Never","0",""
"AC851463","CN=Joita Dobrovnik,OU=Demo,DC=LAB,DC=INT","2/4/2025 3:48:08 PM","False","Never","0",""
"AC320012","CN=Taolong Senivassen,OU=Demo,DC=LAB,DC=INT","2/4/2025 3:48:57 PM","False","Never","0",""
"AC311838","CN=Kohichiroh Matamoros,OU=Internal,OU=Test,DC=LAB,DC=INT","2/5/2025 11:39:33 AM","False","Never","0","Internal;InternalTest;Child 3;Internal and External Users"
"AC388514","CN=Benecio Ramdani,OU=Internal,OU=Test,DC=LAB,DC=INT","2/5/2025 11:40:15 AM","False","Never","0","Internal;InternalTest;Child 3;Internal and External Users"
"AC154595","CN=Jaylanda Devot,OU=Test,DC=LAB,DC=INT","2/4/2025 3:52:01 PM","False","Never","0",""
"AC592313","CN=Mandlenkosi Mandenhall,OU=Internal,OU=Test,DC=LAB,DC=INT","2/5/2025 11:39:23 AM","False","Never","0","Internal;InternalTest;Child 3;Internal and External Users"
"AC498646","CN=Karenf Vidrascu,OU=Demo,DC=LAB,DC=INT","2/4/2025 3:48:24 PM","False","Never","0",""
"AC522006","CN=Yinqing Erobu,OU=Internal,OU=Test,DC=LAB,DC=INT","2/5/2025 11:40:02 AM","False","Never","0","Internal;InternalTest;Child 3;Internal and External Users"
"AC340194","CN=Kaldip Traupe,OU=Demo,DC=LAB,DC=INT","2/4/2025 3:47:57 PM","False","Never","0",""
"AC882714","CN=Lynnet Patatal,OU=External,OU=Test,DC=LAB,DC=INT","2/5/2025 11:36:39 AM","False","Never","0","External;ExternalTest;Internal and External Users"
"AC447377","CN=Varaha Demanbey,OU=External,OU=Test,DC=LAB,DC=INT","2/5/2025 11:35:55 AM","False","Never","0","External;ExternalTest;Internal and External Users"
"AC816075","CN=Vijaianand Boener,OU=Internal,OU=Test,DC=LAB,DC=INT","2/5/2025 11:39:30 AM","False","Never","0","Internal;InternalTest;Child 3;Internal and External Users"
"AC823534","CN=JoE Peter Szerlip,OU=Demo,DC=LAB,DC=INT","2/4/2025 3:47:36 PM","False","Never","0",""
"AC234241","CN=Chiristina Clavecilla,OU=Demo,DC=LAB,DC=INT","2/4/2025 3:48:21 PM","False","Never","0",""
"AC233443","CN=Haldrin Haberichter,OU=Internal,OU=Test,DC=LAB,DC=INT","2/5/2025 11:40:13 AM","False","Never","0","Internal;InternalTest;Child 3;Internal and External Users"
"AC668149","CN=Teresitia Nangineni,OU=Internal,OU=Test,DC=LAB,DC=INT","2/5/2025 11:39:35 AM","False","Never","0","Internal;InternalTest;Child 3;Internal and External Users"
"AC666646","CN=Thienthanh Dajoh,OU=Demo,DC=LAB,DC=INT","2/4/2025 3:47:11 PM","False","Never","0",""
"AC365285","CN=Lelava Jegers,OU=Demo,DC=LAB,DC=INT","2/4/2025 3:48:17 PM","False","Never","0",""
"AC327492","CN=Tiegang Prykan,OU=Demo,DC=LAB,DC=INT","2/4/2025 3:47:08 PM","False","Never","0",""
"AC259260","CN=Waunda Krifej,OU=External,OU=Test,DC=LAB,DC=INT","2/5/2025 11:36:43 AM","False","Never","0","External;ExternalTest;Internal and External Users"
"AC652109","CN=Daiyuan Grati,OU=External,OU=Test,DC=LAB,DC=INT","2/5/2025 11:36:55 AM","False","Never","0","External;ExternalTest;Internal and External Users"
"AC396067","CN=Nehali Habenstein,OU=External,OU=Test,DC=LAB,DC=INT","2/5/2025 11:36:27 AM","False","Never","0","External;ExternalTest;Internal and External Users"
"AC977179","CN=Tziona Rodenrys,OU=Internal,OU=Test,DC=LAB,DC=INT","2/5/2025 11:39:15 AM","False","Never","0","Internal;InternalTest;Child 3;Internal and External Users"
"AC981197","CN=Ada Marija Fadaee,OU=Demo,DC=LAB,DC=INT","2/4/2025 3:48:38 PM","False","Never","0",""
"AC395335","CN=Olai Lancisi,OU=Demo,DC=LAB,DC=INT","2/4/2025 3:50:32 PM","False","Never","0",""
"AC584098","CN=Garymartin Caromicoli,OU=External,OU=Test,DC=LAB,DC=INT","2/5/2025 11:36:49 AM","False","Never","0","External;ExternalTest;Internal and External Users"
"AC423500","CN=Keyshundra Scrine,OU=Test,DC=LAB,DC=INT","2/4/2025 3:51:17 PM","False","Never","0",""
"AC205434","CN=Cheyrle Kachole,OU=Demo,DC=LAB,DC=INT","2/4/2025 3:48:39 PM","False","Never","0",""
"AC221190","CN=Drrd Holwig,OU=External,OU=Test,DC=LAB,DC=INT","2/5/2025 11:36:16 AM","False","Never","0","External;ExternalTest;Internal and External Users"
"AC239302","CN=Stígur Weemsscott,OU=Internal,OU=Test,DC=LAB,DC=INT","2/5/2025 11:40:14 AM","False","Never","0","Internal;InternalTest;Child 3;Internal and External Users"
"AC709614","CN=Deborahl Alburitel,OU=EntraRoles,OU=Test,DC=LAB,DC=INT","2/4/2025 3:51:55 PM","False","Never","0",""
"AC436487","CN=Guðbrandur Khouvilay,OU=Internal,OU=Test,DC=LAB,DC=INT","2/5/2025 11:40:17 AM","False","Never","0","Internal;InternalTest;Child 3;Internal and External Users"
"AC515634","CN=Geronda Oukassou,OU=Demo,DC=LAB,DC=INT","2/4/2025 3:48:31 PM","False","Never","0",""
"AC513986","CN=Belynda Malchiodi,OU=Demo,DC=LAB,DC=INT","2/4/2025 3:47:53 PM","False","Never","0",""
"AC876623","CN=Ramanjot Naehle,OU=External,OU=Test,DC=LAB,DC=INT","2/5/2025 11:36:32 AM","False","Never","0","External;ExternalTest;Internal and External Users"
"AC223869","CN=Shandeon Weronski,OU=Internal,OU=Test,DC=LAB,DC=INT","2/5/2025 11:39:06 AM","False","Never","0","Internal;InternalTest;Child 3;Internal and External Users"
"AC923280","CN=Yassir Vallampati,OU=Internal,OU=Test,DC=LAB,DC=INT","2/5/2025 11:39:53 AM","False","Never","0","Internal;InternalTest;Child 3;Internal and External Users"
