﻿"SamAccountName","DistinguishedName","WhenCreated","PasswordNeverExpires","LastLogonTimestamp","Description","UserPrincipalName","DisplayName","ObjectId","CreatedDateTime","LastSignInDateTime","EntraRoles"
"AC385962","CN=Christena Ashizawa,OU=Demo,DC=LAB,DC=INT","2/4/2025 3:47:46 PM","False","Never",,,,,,,""
"AC779402","CN=Gunarlen Puzenski,OU=Demo,DC=LAB,DC=INT","2/4/2025 3:47:46 PM","False","Never",,,,,,,""
"AC461003","CN=Jennet Kugies,OU=Demo,DC=LAB,DC=INT","2/4/2025 3:47:47 PM","False","Never",,,,,,,""
"AC334860","CN=Coomie Kuchmay,OU=Demo,DC=LAB,DC=INT","2/4/2025 3:47:48 PM","False","Never",,,,,,,""
"AC359582","CN=Sudamys Siemborski,OU=Demo,DC=LAB,DC=INT","2/4/2025 3:47:48 PM","False","Never",,,,,,,""
"AC844098","CN=Rukimotaka Proser,OU=Demo,DC=LAB,DC=INT","2/4/2025 3:47:49 PM","False","Never",,,,,,,""
"AC429928","CN=Regeena Streicker,OU=Demo,DC=LAB,DC=INT","2/4/2025 3:47:49 PM","False","Never",,,,,,,""
"AC348395","CN=Harisch Kozhedubov,OU=Demo,DC=LAB,DC=INT","2/4/2025 3:47:50 PM","False","Never",,,,,,,""
"AC300507","CN=Petetrina Milstone,OU=Demo,DC=LAB,DC=INT","2/4/2025 3:47:50 PM","False","Never",,,,,,,""
"AC315972","CN=Raeallyn Augler,OU=Demo,DC=LAB,DC=INT","2/4/2025 3:47:51 PM","False","Never",,,,,,,""
"AC121862","CN=Gentiana Panfiglio,OU=Demo,DC=LAB,DC=INT","2/4/2025 3:47:52 PM","False","Never",,,,,,,""
"AC128344","CN=Gilli Uthuppuru,OU=Demo,DC=LAB,DC=INT","2/4/2025 3:47:52 PM","False","Never",,,,,,,""
"AC513986","CN=Belynda Malchiodi,OU=Demo,DC=LAB,DC=INT","2/4/2025 3:47:53 PM","False","Never",,,,,,,""
"AC543308","CN=Vidhami Costopoulos,OU=Demo,DC=LAB,DC=INT","2/4/2025 3:47:53 PM","False","Never",,,,,,,""
"AC868947","CN=Zhuldyz Cloutie,OU=Demo,DC=LAB,DC=INT","2/4/2025 3:47:54 PM","False","Never",,,,,,,""
"AC254275","CN=Bishnupriya Mestad,OU=Demo,DC=LAB,DC=INT","2/4/2025 3:47:55 PM","False","Never",,,,,,,""
"AC205799","CN=Kentis Majorka,OU=Demo,DC=LAB,DC=INT","2/4/2025 3:47:55 PM","False","Never",,,,,,,""
"AC888392","CN=Fenella Sebastos,OU=Demo,DC=LAB,DC=INT","2/4/2025 3:47:56 PM","False","Never",,,,,,,""
"AC390405","CN=Tchavder Bizenov,OU=Demo,DC=LAB,DC=INT","2/4/2025 3:47:57 PM","False","Never",,,,,,,""
"AC340194","CN=Kaldip Traupe,OU=Demo,DC=LAB,DC=INT","2/4/2025 3:47:57 PM","False","Never",,,,,,,""
"AC413063","CN=Kahina Gosangi,OU=Demo,DC=LAB,DC=INT","2/4/2025 3:47:58 PM","False","Never",,,,,,,""
"AC134200","CN=Nhoban Glemot,OU=Demo,DC=LAB,DC=INT","2/4/2025 3:47:59 PM","False","Never",,,,,,,""
"AC413220","CN=Jastine Ofonagoro,OU=Demo,DC=LAB,DC=INT","2/4/2025 3:47:59 PM","False","Never",,,,,,,""
"AC330243","CN=Aileche Arolkar,OU=Demo,DC=LAB,DC=INT","2/4/2025 3:48:00 PM","False","Never",,,,,,,""
"AC993593","CN=Ranadeb Rehfuss,OU=Demo,DC=LAB,DC=INT","2/4/2025 3:48:01 PM","False","Never",,,,,,,""
"AC354797","CN=Mahpiua Akios,OU=Demo,DC=LAB,DC=INT","2/4/2025 3:48:01 PM","False","Never",,,,,,,""
"AC814385","CN=Daneane Goligorsky,OU=Demo,DC=LAB,DC=INT","2/4/2025 3:48:02 PM","False","Never",,,,,,,""
"AC627059","CN=Gretta Sizensky,OU=Demo,DC=LAB,DC=INT","2/4/2025 3:48:03 PM","False","Never",,,,,,,""
"AC325986","CN=Odette Clevenson,OU=Demo,DC=LAB,DC=INT","2/4/2025 3:48:03 PM","False","Never",,,,,,,""
"AC784192","CN=Suhar Schim,OU=Demo,DC=LAB,DC=INT","2/4/2025 3:48:04 PM","False","Never",,,,,,,""
"AC650954","CN=Tysene Endico,OU=Demo,DC=LAB,DC=INT","2/4/2025 3:48:05 PM","False","Never",,,,,,,""
"AC665154","CN=Wolfries Spacko,OU=Demo,DC=LAB,DC=INT","2/4/2025 3:48:05 PM","False","Never",,,,,,,""
"AC974674","CN=Wjames Surcon,OU=Demo,DC=LAB,DC=INT","2/4/2025 3:48:06 PM","False","Never",,,,,,,""
"AC362759","CN=Skylay Chabali,OU=Demo,DC=LAB,DC=INT","2/4/2025 3:48:07 PM","False","Never",,,,,,,""
"AC454731","CN=Rbiha Nibhuachalla,OU=Demo,DC=LAB,DC=INT","2/4/2025 3:48:08 PM","False","Never",,,,,,,""
"AC851463","CN=Joita Dobrovnik,OU=Demo,DC=LAB,DC=INT","2/4/2025 3:48:08 PM","False","Never",,,,,,,""
"AC727569","CN=Amérigo Dantiste,OU=Demo,DC=LAB,DC=INT","2/4/2025 3:48:09 PM","False","Never",,,,,,,""
"AC117580","CN=Rondu Varrewaere,OU=Demo,DC=LAB,DC=INT","2/4/2025 3:48:09 PM","False","Never",,,,,,,""
"AC491607","CN=Irineos Murulidharan,OU=Demo,DC=LAB,DC=INT","2/4/2025 3:48:10 PM","False","Never",,,,,,,""
"AC546518","CN=Yokyen Aranaz,OU=Demo,DC=LAB,DC=INT","2/4/2025 3:48:11 PM","False","Never",,,,,,,""
"AC515842","CN=Herminsul Edrys,OU=Demo,DC=LAB,DC=INT","2/4/2025 3:48:11 PM","False","Never",,,,,,,""
"AC273429","CN=Arshale Greiffenstein,OU=Demo,DC=LAB,DC=INT","2/4/2025 3:48:12 PM","False","Never",,,,,,,""
"AC679145","CN=Amberdeep Bmilstein,OU=Demo,DC=LAB,DC=INT","2/4/2025 3:48:13 PM","False","Never",,,,,,,""
"AC582834","CN=Nasseem Cizerle,OU=Demo,DC=LAB,DC=INT","2/4/2025 3:48:13 PM","False","Never",,,,,,,""
"AC889228","CN=Acracia Parnau,OU=Demo,DC=LAB,DC=INT","2/4/2025 3:48:14 PM","False","Never",,,,,,,""
"AC791604","CN=Suone Tywoniuk,OU=Demo,DC=LAB,DC=INT","2/4/2025 3:48:14 PM","False","Never",,,,,,,""
"AC726555","CN=Halppen Gohoc,OU=Demo,DC=LAB,DC=INT","2/4/2025 3:48:15 PM","False","Never",,,,,,,""
"AC686272","CN=Haruyo Agbavitor,OU=Demo,DC=LAB,DC=INT","2/4/2025 3:48:16 PM","False","Never",,,,,,,""
"AC206567","CN=Shonnice Jowaski,OU=Demo,DC=LAB,DC=INT","2/4/2025 3:48:16 PM","False","Never",,,,,,,""
"AC365285","CN=Lelava Jegers,OU=Demo,DC=LAB,DC=INT","2/4/2025 3:48:17 PM","False","Never",,,,,,,""
"AC831197","CN=Hasitha Nowobilski,OU=Demo,DC=LAB,DC=INT","2/4/2025 3:48:18 PM","False","Never",,,,,,,""
"AC149825","CN=Obistano Shimokubo,OU=Demo,DC=LAB,DC=INT","2/4/2025 3:48:18 PM","False","Never",,,,,,,""
"AC772899","CN=Gloriajean Slobecheski,OU=Demo,DC=LAB,DC=INT","2/4/2025 3:48:19 PM","False","Never",,,,,,,""
"AC609375","CN=Frinde Haskal,OU=Demo,DC=LAB,DC=INT","2/4/2025 3:48:19 PM","False","Never",,,,,,,""
"AC894845","CN=Al Reinert,OU=Demo,DC=LAB,DC=INT","2/4/2025 3:48:20 PM","False","Never",,,,,,,""
"AC319526","CN=Bhfx Bakulich,OU=Demo,DC=LAB,DC=INT","2/4/2025 3:48:21 PM","False","Never",,,,,,,""
"AC234241","CN=Chiristina Clavecilla,OU=Demo,DC=LAB,DC=INT","2/4/2025 3:48:21 PM","False","Never",,,,,,,""
"AC373682","CN=Bonakele Lichtcsien,OU=Demo,DC=LAB,DC=INT","2/4/2025 3:48:22 PM","False","Never",,,,,,,""
"AC641976","CN=Millianna Bostich,OU=Demo,DC=LAB,DC=INT","2/4/2025 3:48:23 PM","False","Never",,,,,,,""
"AC714242","CN=Fenqjen Huaibang,OU=Demo,DC=LAB,DC=INT","2/4/2025 3:48:23 PM","False","Never",,,,,,,""
"AC498646","CN=Karenf Vidrascu,OU=Demo,DC=LAB,DC=INT","2/4/2025 3:48:24 PM","False","Never",,,,,,,""
"AC266024","CN=Natlaie Venheisen,OU=Demo,DC=LAB,DC=INT","2/4/2025 3:48:24 PM","False","Never",,,,,,,""
"AC891380","CN=Terosia Rhoan,OU=Demo,DC=LAB,DC=INT","2/4/2025 3:48:25 PM","False","Never",,,,,,,""
"AC625564","CN=Shonte Roubini,OU=Demo,DC=LAB,DC=INT","2/4/2025 3:48:26 PM","False","Never",,,,,,,""
"AC575289","CN=Alojzy Radburnd,OU=Demo,DC=LAB,DC=INT","2/4/2025 3:48:26 PM","False","Never",,,,,,,""
"AC674149","CN=Stephfon Busny,OU=Demo,DC=LAB,DC=INT","2/4/2025 3:48:27 PM","False","Never",,,,,,,""
"AC217252","CN=Jayben Singramdoo,OU=Demo,DC=LAB,DC=INT","2/4/2025 3:48:27 PM","False","Never",,,,,,,""
"AC119851","CN=Shamekas Pounsett,OU=Demo,DC=LAB,DC=INT","2/4/2025 3:48:28 PM","False","Never",,,,,,,""
"AC883880","CN=Aikiah Panuganty,OU=Demo,DC=LAB,DC=INT","2/4/2025 3:48:29 PM","False","Never",,,,,,,""
"AC768856","CN=Delandis Frakaloss,OU=Demo,DC=LAB,DC=INT","2/4/2025 3:48:29 PM","False","Never",,,,,,,""
"AC429186","CN=Karanpreet Chimoski,OU=Demo,DC=LAB,DC=INT","2/4/2025 3:48:30 PM","False","Never",,,,,,,""
"AC510995","CN=Viraine Akada,OU=Demo,DC=LAB,DC=INT","2/4/2025 3:48:30 PM","False","Never",,,,,,,""
"AC515634","CN=Geronda Oukassou,OU=Demo,DC=LAB,DC=INT","2/4/2025 3:48:31 PM","False","Never",,,,,,,""
"AC447337","CN=Isgo Zlebis,OU=Demo,DC=LAB,DC=INT","2/4/2025 3:48:32 PM","False","Never",,,,,,,""
"AC326938","CN=Etera Kivit,OU=Demo,DC=LAB,DC=INT","2/4/2025 3:48:32 PM","False","Never",,,,,,,""
"AC708342","CN=Junyan Soeldner,OU=Demo,DC=LAB,DC=INT","2/4/2025 3:48:33 PM","False","Never",,,,,,,""
"AC291756","CN=Latoyla Fjeldahl,OU=Demo,DC=LAB,DC=INT","2/4/2025 3:48:33 PM","False","Never",,,,,,,""
"AC473475","CN=Chenxia Bogroff,OU=Demo,DC=LAB,DC=INT","2/4/2025 3:48:34 PM","False","Never",,,,,,,""
"AC292410","CN=Rhonnelle Duroe,OU=Demo,DC=LAB,DC=INT","2/4/2025 3:48:35 PM","False","Never",,,,,,,""
"AC881676","CN=Renmeet Wolfanger,OU=Demo,DC=LAB,DC=INT","2/4/2025 3:48:35 PM","False","Never",,,,,,,""
"AC635988","CN=Kylle Pipic,OU=Demo,DC=LAB,DC=INT","2/4/2025 3:48:36 PM","False","Never",,,,,,,""
"AC271677","CN=Rakhuma Leeder,OU=Demo,DC=LAB,DC=INT","2/4/2025 3:48:36 PM","False","Never",,,,,,,""
"AC492263","CN=Dareather Moddle,OU=Demo,DC=LAB,DC=INT","2/4/2025 3:48:37 PM","False","Never",,,,,,,""
"AC981197","CN=Ada Marija Fadaee,OU=Demo,DC=LAB,DC=INT","2/4/2025 3:48:38 PM","False","Never",,,,,,,""
"AC362467","CN=Quoctrung Msadoques,OU=Demo,DC=LAB,DC=INT","2/4/2025 3:48:38 PM","False","Never",,,,,,,""
"AC357344","CN=Kunthi Leranbaum,OU=Demo,DC=LAB,DC=INT","2/4/2025 3:48:39 PM","False","Never",,,,,,,""
"AC205434","CN=Cheyrle Kachole,OU=Demo,DC=LAB,DC=INT","2/4/2025 3:48:39 PM","False","Never",,,,,,,""
"AC261361","CN=Yair Getlan,OU=Demo,DC=LAB,DC=INT","2/4/2025 3:48:40 PM","False","Never",,,,,,,""
"AC676883","CN=Zahkee Ngulo,OU=Demo,DC=LAB,DC=INT","2/4/2025 3:48:41 PM","False","Never",,,,,,,""
"AC850498","CN=Hubert Ziegeweid,OU=Demo,DC=LAB,DC=INT","2/4/2025 3:48:41 PM","False","Never",,,,,,,""
"AC531873","CN=Yufen Boucino,OU=Demo,DC=LAB,DC=INT","2/4/2025 3:48:42 PM","False","Never",,,,,,,""
"AC559689","CN=Thirupath Arsik,OU=Demo,DC=LAB,DC=INT","2/4/2025 3:48:42 PM","False","Never",,,,,,,""
"AC721601","CN=Diyi Zukof,OU=Demo,DC=LAB,DC=INT","2/4/2025 3:48:43 PM","False","Never",,,,,,,""
"AC499103","CN=Florija Franculli,OU=Demo,DC=LAB,DC=INT","2/4/2025 3:48:44 PM","False","Never",,,,,,,""
"AC787139","CN=Makane Maystruck,OU=Demo,DC=LAB,DC=INT","2/4/2025 3:48:44 PM","False","Never",,,,,,,""
"AC927284","CN=Reika Allemeier,OU=Demo,DC=LAB,DC=INT","2/4/2025 3:48:45 PM","False","Never",,,,,,,""
"AC280621","CN=Lingxing Vredding,OU=Demo,DC=LAB,DC=INT","2/4/2025 3:48:46 PM","False","Never",,,,,,,""
"AC813592","CN=Hengli Puncochar,OU=Demo,DC=LAB,DC=INT","2/4/2025 3:48:46 PM","False","Never",,,,,,,""
"AC316526","CN=Kaaren Listecki,OU=Demo,DC=LAB,DC=INT","2/4/2025 3:48:47 PM","False","Never",,,,,,,""
"AC588237","CN=Mskl Gambulos,OU=Demo,DC=LAB,DC=INT","2/4/2025 3:48:48 PM","False","Never",,,,,,,""
"AC610611","CN=Takefumi Leberfing,OU=Demo,DC=LAB,DC=INT","2/4/2025 3:48:48 PM","False","Never",,,,,,,""
"AC845522","CN=Knona Oreiro,OU=Demo,DC=LAB,DC=INT","2/4/2025 3:48:49 PM","False","Never",,,,,,,""
"AC208451","CN=Sylvine Cheeney,OU=Demo,DC=LAB,DC=INT","2/4/2025 3:48:49 PM","False","Never",,,,,,,""
"AC933079","CN=Monajit Smeddy,OU=Demo,DC=LAB,DC=INT","2/4/2025 3:48:50 PM","False","Never",,,,,,,""
"AC652800","CN=Flippie Taweponsomkiat,OU=Demo,DC=LAB,DC=INT","2/4/2025 3:48:51 PM","False","Never",,,,,,,""
"AC951558","CN=Manoune Bartel,OU=Demo,DC=LAB,DC=INT","2/4/2025 3:48:51 PM","False","Never",,,,,,,""
"AC304787","CN=Moona Kozyrczak,OU=Demo,DC=LAB,DC=INT","2/4/2025 3:48:52 PM","False","Never",,,,,,,""
"AC948678","CN=Ragulan Ahrensdorf,OU=Demo,DC=LAB,DC=INT","2/4/2025 3:48:53 PM","False","Never",,,,,,,""
"AC215865","CN=Shuye Tverdohleb,OU=Demo,DC=LAB,DC=INT","2/4/2025 3:48:53 PM","False","Never",,,,,,,""
"AC539439","CN=Qijin Priget,OU=Demo,DC=LAB,DC=INT","2/4/2025 3:48:54 PM","False","Never",,,,,,,""
"AC251751","CN=Ighor Dehelean,OU=Demo,DC=LAB,DC=INT","2/4/2025 3:48:54 PM","False","Never",,,,,,,""
"AC765795","CN=Pattya Hochmeister,OU=Demo,DC=LAB,DC=INT","2/4/2025 3:48:55 PM","False","Never",,,,,,,""
"AC987173","CN=Cellou Polawski,OU=Demo,DC=LAB,DC=INT","2/4/2025 3:48:56 PM","False","Never",,,,,,,""
"AC978894","CN=Tumennasan Sagong,OU=Demo,DC=LAB,DC=INT","2/4/2025 3:48:56 PM","False","Never",,,,,,,""
"AC320012","CN=Taolong Senivassen,OU=Demo,DC=LAB,DC=INT","2/4/2025 3:48:57 PM","False","Never",,,,,,,""
"AC948562","CN=Haggquist Vuletici,OU=Demo,DC=LAB,DC=INT","2/4/2025 3:50:26 PM","False","Never",,,,,,,""
"AC466850","CN=Lalitendu Riccolo,OU=Demo,DC=LAB,DC=INT","2/4/2025 3:50:27 PM","False","Never",,,,,,,""
"AC231754","CN=Oria Cawhern,OU=Demo,DC=LAB,DC=INT","2/4/2025 3:50:27 PM","False","Never",,,,,,,""
"AC855650","CN=Vidhya Bogott,OU=Demo,DC=LAB,DC=INT","2/4/2025 3:50:28 PM","False","Never",,,,,,,""
"AC638043","CN=Kathreine Rodriguezjorge,OU=Demo,DC=LAB,DC=INT","2/4/2025 3:50:29 PM","False","Never",,,,,,,""
"AC798564","CN=Lacharles Schmaedecke,OU=Demo,DC=LAB,DC=INT","2/4/2025 3:50:29 PM","False","Never",,,,,,,""
"AC350890","CN=Vikash Ketelboeter,OU=Demo,DC=LAB,DC=INT","2/4/2025 3:50:30 PM","False","Never",,,,,,,""
"AC380736","CN=Embark Draughter,OU=Demo,DC=LAB,DC=INT","2/4/2025 3:50:31 PM","False","Never",,,,,,,""
"AC465139","CN=Pangdao Scodella,OU=Demo,DC=LAB,DC=INT","2/4/2025 3:50:31 PM","False","Never",,,,,,,""
"AC395335","CN=Olai Lancisi,OU=Demo,DC=LAB,DC=INT","2/4/2025 3:50:32 PM","False","Never",,,,,,,""
"AC908600","CN=Danual Bigovich,OU=Demo,DC=LAB,DC=INT","2/4/2025 3:47:05 PM","False","Never",,,,,,,""
"AC242131","CN=Kemmico Kahalley,OU=Demo,DC=LAB,DC=INT","2/4/2025 3:47:05 PM","False","Never",,,,,,,""
"AC798096","CN=Hyram Lescaut,OU=Demo,DC=LAB,DC=INT","2/4/2025 3:47:06 PM","False","Never",,,,,,,""
"AC527170","CN=Perianne Honeycheck,OU=Demo,DC=LAB,DC=INT","2/4/2025 3:47:07 PM","False","Never",,,,,,,""
"AC157220","CN=Milcom Fochett,OU=Demo,DC=LAB,DC=INT","2/4/2025 3:47:07 PM","False","Never",,,,,,,""
"AC327492","CN=Tiegang Prykan,OU=Demo,DC=LAB,DC=INT","2/4/2025 3:47:08 PM","False","Never",,,,,,,""
"AC466976","CN=Adeswara Scnettler,OU=Demo,DC=LAB,DC=INT","2/4/2025 3:47:08 PM","False","Never",,,,,,,""
"AC248852","CN=Ledonna Yando,OU=Demo,DC=LAB,DC=INT","2/4/2025 3:47:09 PM","False","Never",,,,,,,""
"AC735390","CN=Baocai Opheim,OU=Demo,DC=LAB,DC=INT","2/4/2025 3:47:10 PM","False","Never",,,,,,,""
"AC885571","CN=Qili Marpe,OU=Demo,DC=LAB,DC=INT","2/4/2025 3:47:10 PM","False","Never",,,,,,,""
"AC507608","CN=Tiril Bornling,OU=Demo,DC=LAB,DC=INT","2/4/2025 3:47:11 PM","False","Never",,,,,,,""
"AC666646","CN=Thienthanh Dajoh,OU=Demo,DC=LAB,DC=INT","2/4/2025 3:47:11 PM","False","Never",,,,,,,""
"AC647640","CN=Stan Kolotilkin,OU=Demo,DC=LAB,DC=INT","2/4/2025 3:47:12 PM","False","Never",,,,,,,""
"AC615935","CN=Rieanna Yerian,OU=Demo,DC=LAB,DC=INT","2/4/2025 3:47:13 PM","False","Never",,,,,,,""
"AC663107","CN=Mariegina Vojtik,OU=Demo,DC=LAB,DC=INT","2/4/2025 3:47:13 PM","False","Never",,,,,,,""
"AC131364","CN=Ximeng Golian,OU=Demo,DC=LAB,DC=INT","2/4/2025 3:47:14 PM","False","Never",,,,,,,""
"AC606399","CN=Darrylisa Refenes,OU=Demo,DC=LAB,DC=INT","2/4/2025 3:47:14 PM","False","Never",,,,,,,""
"AC610121","CN=Dalavone Maraska,OU=Demo,DC=LAB,DC=INT","2/4/2025 3:47:15 PM","False","Never",,,,,,,""
"AC420046","CN=Guncha Protreet,OU=Demo,DC=LAB,DC=INT","2/4/2025 3:47:16 PM","False","Never",,,,,,,""
"AC462009","CN=Mayk Pochtrager,OU=Demo,DC=LAB,DC=INT","2/4/2025 3:47:16 PM","False","Never",,,,,,,""
"AC432721","CN=Chalengpoj Cimea,OU=Demo,DC=LAB,DC=INT","2/4/2025 3:47:17 PM","False","Never",,,,,,,""
"AC777138","CN=Nizama Gottschlag,OU=Demo,DC=LAB,DC=INT","2/4/2025 3:47:18 PM","False","Never",,,,,,,""
"AC907691","CN=Sudiptas Bertoni,OU=Demo,DC=LAB,DC=INT","2/4/2025 3:47:18 PM","False","Never",,,,,,,""
"AC597924","CN=Janjay Hackemer,OU=Demo,DC=LAB,DC=INT","2/4/2025 3:47:19 PM","False","Never",,,,,,,""
"AC511098","CN=Caige Berthau,OU=Demo,DC=LAB,DC=INT","2/4/2025 3:47:19 PM","False","Never",,,,,,,""
"AC600208","CN=Fakhraini Rores,OU=Demo,DC=LAB,DC=INT","2/4/2025 3:47:20 PM","False","Never",,,,,,,""
"AC366398","CN=Guedimon Vievering,OU=Demo,DC=LAB,DC=INT","2/4/2025 3:47:21 PM","False","Never",,,,,,,""
"AC295524","CN=Betka Badge,OU=Demo,DC=LAB,DC=INT","2/4/2025 3:47:21 PM","False","Never",,,,,,,""
"AC223269","CN=Asnath Tariello,OU=Demo,DC=LAB,DC=INT","2/4/2025 3:47:22 PM","False","Never",,,,,,,""
"AC851922","CN=Samanthae Fesler,OU=Demo,DC=LAB,DC=INT","2/4/2025 3:47:22 PM","False","Never",,,,,,,""
"AC103329","CN=Alliee Bollier,OU=Demo,DC=LAB,DC=INT","2/4/2025 3:47:23 PM","False","Never",,,,,,,""
"AC967391","CN=Kedric Shubart,OU=Demo,DC=LAB,DC=INT","2/4/2025 3:47:24 PM","False","Never",,,,,,,""
"AC436977","CN=Saliu Chambliess,OU=Demo,DC=LAB,DC=INT","2/4/2025 3:47:24 PM","False","Never",,,,,,,""
"AC668020","CN=Siwaporn Erbesti,OU=Demo,DC=LAB,DC=INT","2/4/2025 3:47:25 PM","False","Never",,,,,,,""
"AC151233","CN=Mevalyn Saschunk,OU=Demo,DC=LAB,DC=INT","2/4/2025 3:47:25 PM","False","Never",,,,,,,""
"AC352678","CN=Frej Santrella,OU=Demo,DC=LAB,DC=INT","2/4/2025 3:47:26 PM","False","Never",,,,,,,""
"AC620499","CN=Tache Magnien,OU=Demo,DC=LAB,DC=INT","2/4/2025 3:47:26 PM","False","Never",,,,,,,""
"AC960013","CN=Adelhard Poritsanos,OU=Demo,DC=LAB,DC=INT","2/4/2025 3:47:27 PM","False","Never",,,,,,,""
"AC203437","CN=Lakendrea Powierski,OU=Demo,DC=LAB,DC=INT","2/4/2025 3:47:28 PM","False","Never",,,,,,,""
"AC576398","CN=Qudrath Pletier,OU=Demo,DC=LAB,DC=INT","2/4/2025 3:47:28 PM","False","Never",,,,,,,""
"AC745925","CN=Prattcomd Panche,OU=Demo,DC=LAB,DC=INT","2/4/2025 3:47:29 PM","False","Never",,,,,,,""
"AC262269","CN=Zhengian Armont,OU=Demo,DC=LAB,DC=INT","2/4/2025 3:47:30 PM","False","Never",,,,,,,""
"AC919653","CN=Mamdouh Pickavet,OU=Demo,DC=LAB,DC=INT","2/4/2025 3:47:30 PM","False","Never",,,,,,,""
"AC577566","CN=Courtlann Stragapede,OU=Demo,DC=LAB,DC=INT","2/4/2025 3:47:31 PM","False","Never",,,,,,,""
"AC576928","CN=Lochlann Rubeiz,OU=Demo,DC=LAB,DC=INT","2/4/2025 3:47:32 PM","False","Never",,,,,,,""
"AC107586","CN=Trimoorthy Chagapuram,OU=Demo,DC=LAB,DC=INT","2/4/2025 3:47:32 PM","False","Never",,,,,,,""
"AC714371","CN=Leti Utne,OU=Demo,DC=LAB,DC=INT","2/4/2025 3:47:33 PM","False","Never",,,,,,,""
"AC290959","CN=Tawnisha Deocamp,OU=Demo,DC=LAB,DC=INT","2/4/2025 3:47:34 PM","False","Never",,,,,,,""
"AC710093","CN=Omaa Villarama,OU=Demo,DC=LAB,DC=INT","2/4/2025 3:47:34 PM","False","Never",,,,,,,""
"AC630840","CN=Kiyann Adote,OU=Demo,DC=LAB,DC=INT","2/4/2025 3:47:35 PM","False","Never",,,,,,,""
"AC925596","CN=Rhica Gupt,OU=Demo,DC=LAB,DC=INT","2/4/2025 3:47:35 PM","False","Never",,,,,,,""
"AC823534","CN=JoE Peter Szerlip,OU=Demo,DC=LAB,DC=INT","2/4/2025 3:47:36 PM","False","Never",,,,,,,""
"AC926819","CN=Karmen Boniecki,OU=Demo,DC=LAB,DC=INT","2/4/2025 3:47:37 PM","False","Never",,,,,,,""
"AC669768","CN=Tiedre Nechrony,OU=Demo,DC=LAB,DC=INT","2/4/2025 3:47:37 PM","False","Never",,,,,,,""
"AC813688","CN=Conna Gmoser,OU=Demo,DC=LAB,DC=INT","2/4/2025 3:47:38 PM","False","Never",,,,,,,""
"AC796926","CN=Rusalina Mykhailova,OU=Demo,DC=LAB,DC=INT","2/4/2025 3:47:38 PM","False","Never",,,,,,,""
"AC667980","CN=Elfidio Surkosky,OU=Demo,DC=LAB,DC=INT","2/4/2025 3:47:39 PM","False","Never",,,,,,,""
"AC984756","CN=Deverl Glombik,OU=Demo,DC=LAB,DC=INT","2/4/2025 3:47:40 PM","False","Never",,,,,,,""
"AC768620","CN=Miwako Coruh,OU=Demo,DC=LAB,DC=INT","2/4/2025 3:47:40 PM","False","Never",,,,,,,""
"AC594759","CN=Plotino Omale,OU=Demo,DC=LAB,DC=INT","2/4/2025 3:47:41 PM","False","Never",,,,,,,""
"AC912944","CN=Imadeddine Cronce,OU=Demo,DC=LAB,DC=INT","2/4/2025 3:47:42 PM","False","Never",,,,,,,""
"AC216711","CN=Firyal Zarybnisky,OU=Demo,DC=LAB,DC=INT","2/4/2025 3:47:42 PM","False","Never",,,,,,,""
"AC594959","CN=Chaneng Kadirgamar,OU=Demo,DC=LAB,DC=INT","2/4/2025 3:47:43 PM","False","Never",,,,,,,""
"AC486753","CN=Toropdar Marinez,OU=Demo,DC=LAB,DC=INT","2/4/2025 3:47:43 PM","False","Never",,,,,,,""
"AC457234","CN=Osly Bongila,OU=Demo,DC=LAB,DC=INT","2/4/2025 3:47:44 PM","False","Never",,,,,,,""
"AC753261","CN=Ratchadakorn Baciulis,OU=Demo,DC=LAB,DC=INT","2/4/2025 3:47:45 PM","False","Never",,,,,,,""
"AC951884","CN=Irisneia Songbobo,OU=Demo,DC=LAB,DC=INT","2/4/2025 3:47:45 PM","False","Never",,,,,,,""
