﻿"UserPrincipalName","DisplayName","CreatedDateTime","Roles"
"LidiaH@M365x82367478.OnMicrosoft.com","Lidia Holloway","6/13/2024 3:38:36 AM","Global Administrator"
"NestorW@M365x82367478.OnMicrosoft.com","Nestor Wilke","6/13/2024 3:37:19 AM","Global Administrator"
"MeganB@M365x82367478.OnMicrosoft.com","Megan Bowen","6/13/2024 3:38:09 AM","Global Administrator"
"Sync_WIN-BS36CJV8DK2_09944ff9a2ca@M365x82367478.onmicrosoft.com","On-Premises Directory Synchronization Service Account","2/5/2025 11:04:53 AM","Directory Synchronization Accounts"
"ms-serviceaccount@M365x82367478.OnMicrosoft.com","Microsoft Service Account","6/13/2024 3:34:08 AM","Global Administrator"
"IsaiahL@M365x82367478.OnMicrosoft.com","Isaiah Langer","6/13/2024 3:37:38 AM","Global Administrator"
"acheet.pochily@M365x82367478.onmicrosoft.com","Acheet Pochily","2/5/2025 11:08:23 AM","AI Administrator; Attribute Assignment Administrator; Attribute Assignment Reader"
"admin@M365x82367478.onmicrosoft.com","MOD Administrator","6/13/2024 3:24:10 AM","Global Administrator"
"AllanD@M365x82367478.OnMicrosoft.com","Allan Deyoung","6/13/2024 3:36:55 AM","Global Administrator"
